Event Key,Event Slug,Logical Market ID,Threshold Family ID,Market Label,Direction,Threshold,Condition ID,Yes Token ID,No Token ID,Market ID,Question,Created At,First Seen,Last Seen,Present,Active,Closed,Accepting Orders,Order Book Enabled,Instance Number,Replaces Condition ID,Volume,Volume 24h,Liquidity,Last Trade Price
bab-el-mandeb,bab-el-mandeb-strait-effectively-closed-by,bab-el-mandeb::april-30,bab-el-mandeb::april-30,April 30,,,0xcd26bdb63b81dfcc5482c42e9372c8a46091b1de1123d2afefb83df83fe859fd,68763178427006805567687963157205459368686336843492282974222563638371290392637,84582313335492225037882788013498040721657815470535256827405672153879869687298,1609728,Bab el-Mandeb Strait effectively closed by April 30?,2026-03-16T18:41:41.230835Z,2026-07-22T14:54:32Z,2026-07-22T15:55:01Z,true,true,true,false,true,1,,1651616.9613379955,,,0.002
bab-el-mandeb,bab-el-mandeb-strait-effectively-closed-by,bab-el-mandeb::august-31,bab-el-mandeb::august-31,August 31,,,0x31327c6fbdc70a44d97f8e8973f536b6a748e01b4c0ca5549ed0910c703b1d7b,30774565298935121666763850272423963284589055313497974568971929195252437852383,8310650677069487821478025416478130051168635736368290554555541536659374960027,2911874,Bab el-Mandeb Strait effectively closed by August 31?,2026-07-13T19:29:30.632964Z,2026-07-22T14:54:32Z,2026-07-22T15:55:01Z,true,true,false,true,true,1,,424281.2487620003,92076.289409,50156.0268,0.18
bab-el-mandeb,bab-el-mandeb-strait-effectively-closed-by,bab-el-mandeb::december-31,bab-el-mandeb::december-31,December 31,,,0xd8659b58a90d0d69fb1170f25b2b896871a1328115fd11c6f4cfe2b01a2a8ba0,43976511902268111041633866799555037330317427315454056847054364885183934986197,33460385394344753109351907923235209397225125746318923726067817676780036931403,2853074,Bab el-Mandeb Strait effectively closed by December 31?,2026-07-09T00:26:54.2029Z,2026-07-22T14:54:32Z,2026-07-22T15:55:01Z,true,true,false,true,true,1,,104314.778459,6591.026253,59868.5618,0.35
bab-el-mandeb,bab-el-mandeb-strait-effectively-closed-by,bab-el-mandeb::july-31,bab-el-mandeb::july-31,July 31,,,0x8240c24b4ac5c954241ee6a10cffc627abf676d88b9d7de5b034c2f7c060b00a,111696390093542777743372253154770633634026024336928078383991970477589503016483,33752982532314842955867034258985568949958761450943043689987049583448528253590,2911873,Bab el-Mandeb Strait effectively closed by July 31?,2026-07-13T19:27:43.292553Z,2026-07-22T14:54:32Z,2026-07-22T15:55:01Z,true,true,false,true,true,1,,413441.830672,57080.164057,102036.85572,0.031
bab-el-mandeb,bab-el-mandeb-strait-effectively-closed-by,bab-el-mandeb::june-15,bab-el-mandeb::june-15,June 15,,,0x9b6f9eb121e43f6867a0855acae1354c569ce8ba32fbc48422d4dec9210161ae,20196742749539509761661984106543638848820693100108903857245165416832601208204,22813333167181952476913003462323119484686032415524153034271351423690418150204,2473005,Bab el-Mandeb Strait effectively closed by June 15?,2026-06-08T20:14:43.99049Z,2026-07-22T14:54:32Z,2026-07-22T15:55:01Z,true,true,true,false,true,1,,221113.662598,,,0.001
bab-el-mandeb,bab-el-mandeb-strait-effectively-closed-by,bab-el-mandeb::june-22,bab-el-mandeb::june-22,June 22,,,0xcd22707a80bba2d2ce0622e9a3605d82b766285b50ef20745a1d4bb7435cbd27,88959253385780434026013586354346797545069866320014190098649284105130211673753,96932293339363407522722408520439786143777604952310595134404844289080717006534,2473006,Bab el-Mandeb Strait effectively closed by June 22?,2026-06-08T20:15:24.826042Z,2026-07-22T14:54:32Z,2026-07-22T15:55:01Z,true,true,true,false,true,1,,129291.0457759999,,,0.001
bab-el-mandeb,bab-el-mandeb-strait-effectively-closed-by,bab-el-mandeb::june-30,bab-el-mandeb::june-30,June 30,,,0xa976dcc2fac50cf13968adbee89ce1de26df0191b8480b89d418280273197f53,70979157952244849403592933535229643909731035328387913162617056140126772714735,95580602988758783752712445121155191665286945527392197193712707520306862606842,2170254,Bab el-Mandeb Strait effectively closed by June 30?,2026-05-06T00:24:36.340987Z,2026-07-22T14:54:32Z,2026-07-22T15:55:01Z,true,true,true,false,true,1,,1218248.1640610006,,,0.001
bab-el-mandeb,bab-el-mandeb-strait-effectively-closed-by,bab-el-mandeb::march-31,bab-el-mandeb::march-31,March 31,,,0x2d7ff3eaa920d560debfac34e360670462e1e5ab35f653c9da992b45a854058b,99778214645114863668880041453529219633986641849591096749668602237070973011766,72144287274956369240496150780787091482711945174734190368629188739039317360959,1607575,Bab el-Mandeb Strait effectively closed by March 31?,2026-03-16T15:59:29.782399Z,2026-07-22T14:54:32Z,2026-07-22T15:55:01Z,true,true,true,false,true,1,,330325.4789079996,,,0.004
bab-el-mandeb,bab-el-mandeb-strait-effectively-closed-by,bab-el-mandeb::may-31,bab-el-mandeb::may-31,May 31,,,0x9647b0f18083245933f2d2ca09acbe7ce89ee60ba83ed01e984df4bc7888a214,50593835060887644541304886936916227361253501730886355031778884057367095965579,18315883317653952736078559145436077015082800264561996157051447413257028997421,1980863,Bab el-Mandeb Strait effectively closed by May 31?,2026-04-14T14:28:10.207446Z,2026-07-22T14:54:32Z,2026-07-22T15:55:01Z,true,true,true,false,true,1,,1339221.415588001,,,0.001
bab-el-mandeb,bab-el-mandeb-strait-effectively-closed-by,bab-el-mandeb::september-30,bab-el-mandeb::september-30,September 30,,,0x95fc6a4ed7f6856d26aa7f21b9f902d05c9cf76b616fd3463de4d147f7a9126b,79492971912420892776290893910148058147353983898749011679176479416889510526578,79085628201281122481883578594811594592260824252373059797032000397035131450743,2170255,Bab el-Mandeb Strait effectively closed by September 30?,2026-05-06T00:25:08.406865Z,2026-07-22T14:54:32Z,2026-07-22T15:55:01Z,true,true,false,true,true,1,,1179781.268010983,26672.827886,71765.1125,0.23
crude-oil-ath,crude-oil-all-time-high-by,crude-oil-ath::december-31,crude-oil-ath::december-31,December 31,,,0x8a5c0b5fc339f2dbaf584def66bcf8bff94d91f0250562e452782fed3d18f821,89220876555191016916241799318314090743516702009053928118059298766028257434413,5513378025159191337704316460710043026668901636204511402381351948151562535480,2126461,Will Crude Oil reach a new all-time high by December 31?,2026-04-30T17:07:41.41528Z,2026-07-22T14:54:32Z,2026-07-22T15:55:01Z,true,true,false,true,true,1,,502944.1843789999,14091.27279,38945.9649,0.16
crude-oil-ath,crude-oil-all-time-high-by,crude-oil-ath::june-30,crude-oil-ath::june-30,June 30,,,0x806fb0e989b077af7566e558cab7379688c7a77f096dc770ab7fae8b2b87f879,39339966529469470019448605801041862069619328010783591124407527181751306502524,80121103631031433085354278177542292757937999516962330258456284616669293120840,2126459,Will Crude Oil reach a new all-time high by June 30?,2026-04-30T17:07:40.809557Z,2026-07-22T14:54:32Z,2026-07-22T15:55:01Z,true,true,true,false,true,1,,342416.6721520003,,,0.001
crude-oil-ath,crude-oil-all-time-high-by,crude-oil-ath::may-31,crude-oil-ath::may-31,May 31,,,0xad11c116316e3230412ddfc829ede72f78941986247df4f2eb08c48aba8747c9,64945649452959373653070860731630332115808821000915165795105032832332501292750,98185054508684563115507404944865559586863890992358408763662706157576203074577,2126458,Will Crude Oil reach a new all-time high by May 31?,2026-04-30T17:07:40.29126Z,2026-07-22T14:54:32Z,2026-07-22T15:55:01Z,true,true,true,false,true,1,,448552.2812780002,,,0.001
crude-oil-ath,crude-oil-all-time-high-by,crude-oil-ath::september-30,crude-oil-ath::september-30,September 30,,,0x6a18969bc603992de4c5c9d53c2881e1378ac193cdad01e7f932afa7fdc4af3e,99854297587081815138313853193420814111300083263132357130852297048771575220765,39031589714572342966258305943349573328412863219523008865771008806225362230155,2126460,Will Crude Oil reach a new all-time high by September 30?,2026-04-30T17:07:41.11213Z,2026-07-22T14:54:32Z,2026-07-22T15:55:01Z,true,true,false,true,true,1,,635964.6101660013,14056.779329,38966.101,0.071
houthi-saudi,houthi-military-action-against-saudi-arabia-byptptpt-20260714212508550,houthi-saudi::july-17,houthi-saudi::july-17,July 17,,,0x31edde7553de5acfafc51962d3d2bb825bfee3b07b6c266f7478a8f063830b22,2389652668935213422423810659497636143685416910098691028514543560002992710097,19238962010809461024893187389113525471383849794704927511120034179480188145430,2929593,"Will there be Houthi military action against Saudi Arabia by July 17, 2026?",2026-07-15T01:15:56.637047Z,2026-07-22T14:54:32Z,2026-07-22T15:55:01Z,true,true,true,false,true,1,,3089.283573,2224.65,,0.019
houthi-saudi,houthi-military-action-against-saudi-arabia-byptptpt-20260714212508550,houthi-saudi::july-24,houthi-saudi::july-24,July 24,,,0xdd43b704a6d32ca6578c870b76b93e4b493d149db0af6293bebf9732265b2fdf,53463045150758545897192204463963233164277093545266592436259576986157141071738,45445487667336482188435928949791705774139393716505495858145505301871194748194,2929594,"Will there be Houthi military action against Saudi Arabia by July 24, 2026?",2026-07-15T01:15:56.781139Z,2026-07-22T14:54:32Z,2026-07-22T15:55:01Z,true,true,false,true,true,1,,6936.038128,475.142894,2741.8686,0.12
houthi-saudi,houthi-military-action-against-saudi-arabia-byptptpt-20260714212508550,houthi-saudi::july-31,houthi-saudi::july-31,July 31,,,0xad5873e68e236470c7ada70a48e4a1d846e68a5703f352695ea62418781fc9bf,2720277783721923206648877398460634256159488478230220767967160628341163139758,73302334995295437886594436517335367322797183477276783312655487413369645750966,2929595,"Will there be Houthi military action against Saudi Arabia by July 31, 2026?",2026-07-15T01:15:56.918136Z,2026-07-22T14:54:32Z,2026-07-22T15:55:01Z,true,true,false,true,true,1,,5559.364097,1126.626211,2038.1907,0.19
houthi-shipping,houthis-successfully-target-shipping-byptptpt-20260708165455691,houthi-shipping::august-15,houthi-shipping::august-15,August 15,,,0x5caa414247a18ef39f65078f1406cd594611be843d177cd3c5c6a671c9041dcb,100760427043220159052781035042603486058701071668917124369590236218781960561555,115002872914908185066579372813593778146684084071177453137206683889679390463578,3017676,"Will the Houthis successfully target shipping by August 15, 2026?",2026-07-21T15:00:54.265739Z,2026-07-22T14:54:32Z,2026-07-22T15:55:01Z,true,true,false,true,true,1,,747.288344,747.288344,2361.3415,0.4
houthi-shipping,houthis-successfully-target-shipping-byptptpt-20260708165455691,houthi-shipping::august-31,houthi-shipping::august-31,August 31,,,0x1121a02fc780ddeb79cf91cdf2fea0a7dc2a8eb91a8643e86a4a415ab519ab90,25252139719387305389090759227041579550456702736511482208905350724277919018200,6942521039548952262803452715536366269632833663841807575802631974514414220741,2850433,"Will the Houthis successfully target shipping by August 31, 2026?",2026-07-08T20:43:36.492527Z,2026-07-22T14:54:32Z,2026-07-22T15:55:01Z,true,true,false,true,true,1,,55780.210878,2793.278956,9400.4606,0.5
houthi-shipping,houthis-successfully-target-shipping-byptptpt-20260708165455691,houthi-shipping::july-17,houthi-shipping::july-17,July 17,,,0x220d507c2e1838bd2f89bcb3d8e81208dd9a28cfc4ca40a2eaab9d45611957d4,56967625347067070667633539668080924494032070688477545163865602896573042991695,37211745484282012925266837530256587065398391037537765685819517059038544194325,2850431,"Will the Houthis successfully target shipping by July 17, 2026?",2026-07-08T20:43:36.020778Z,2026-07-22T14:54:32Z,2026-07-22T15:55:01Z,true,true,true,false,true,1,,149584.2407810001,,,0.001
houthi-shipping,houthis-successfully-target-shipping-byptptpt-20260708165455691,houthi-shipping::july-23,houthi-shipping::july-23,July 23,,,0xf2df33944c6e62576bc316380f8cde04480bafbd4b16f918b8125330d16c48b0,65355314672383074540755111166425801646322783301035881342809008615961311745169,95811623259586549833480749997937476165219035306712706722049032097257384736724,3017674,"Will the Houthis successfully target shipping by July 23, 2026?",2026-07-21T15:00:51.752304Z,2026-07-22T14:54:32Z,2026-07-22T15:55:01Z,true,true,false,true,true,1,,2021.311935,2021.311935,13721.72011,0.08
houthi-shipping,houthis-successfully-target-shipping-byptptpt-20260708165455691,houthi-shipping::july-25,houthi-shipping::july-25,July 25,,,0xd4fc7079b9890f5b80269a7bd8bee6cfd3a5200276650fcdb16a02d46cf7f41b,99727498485348768854423089039846365040841909282103558754340012894755594044749,20137083220351595875715705350426520041615075189990046086454249916656099581215,3017675,"Will the Houthis successfully target shipping by July 25, 2026?",2026-07-21T15:00:52.67589Z,2026-07-22T14:54:32Z,2026-07-22T15:55:01Z,true,true,false,true,true,1,,1679.996925,1679.996925,2960.8427,0.22
houthi-shipping,houthis-successfully-target-shipping-byptptpt-20260708165455691,houthi-shipping::july-31,houthi-shipping::july-31,July 31,,,0x5afb81cbd0ca3356dbebedd49cf667288207766206238b18b34c500b52c88345,11553285742256622965902391811056783122042804173189054211722148787777433742322,10634286236799476839134870123551761748226927725576802340876363704923669901913,2850432,"Will the Houthis successfully target shipping by July 31, 2026?",2026-07-08T20:43:36.320816Z,2026-07-22T14:54:32Z,2026-07-22T15:55:01Z,true,true,false,true,true,1,,176280.4676289998,12992.713886,26753.868,0.36
iran-gulf-action,iran-military-action-against-a-gulf-state-onptptpt-20260708212328295,iran-gulf-action::july-10,iran-gulf-action::july-10,July 10,,,0x18c398c97deddabe1f3900e0d4c58472a19c7c33ffcb7d09ea6979cdda3eb0ac,22470067561511105858172189470447344013815256872133753171887542599472470489508,88213467491636871218400069037311720848632737749261329227688911835172465095520,2851415,Iran military action against a Gulf State on July 10?,2026-07-08T22:17:32.753011Z,2026-07-22T14:54:32Z,2026-07-22T15:55:01Z,true,true,true,false,true,1,,67058.146771,,,0.001
iran-gulf-action,iran-military-action-against-a-gulf-state-onptptpt-20260708212328295,iran-gulf-action::july-11,iran-gulf-action::july-11,July 11,,,0xaacb2d891e50062ab341f0ea450adef245e1a44f502207accbc07ce5dbf307e9,89252596722278675063490859986518869736887103855589660585321055731925559384917,18767955555435343594056762042569363912413848899795532702514177456730609589083,2851416,Iran military action against a Gulf State on July 11?,2026-07-08T22:17:32.957109Z,2026-07-22T14:54:32Z,2026-07-22T15:55:01Z,true,true,true,false,true,1,,79224.545692,,,0.004
iran-gulf-action,iran-military-action-against-a-gulf-state-onptptpt-20260708212328295,iran-gulf-action::july-12,iran-gulf-action::july-12,July 12,,,0xbea088d2cfa887c5985be2b3feea2ea5ef8fdede3933ec0a415d1de3813a48a1,8709035425304608717633078221679777301318104015900761735264882237273152358903,10704884697649005085524657976090584908643325317140881720937947937733396768613,2851417,Iran military action against a Gulf State on July 12?,2026-07-08T22:17:33.236517Z,2026-07-22T14:54:32Z,2026-07-22T15:55:01Z,true,true,true,false,true,1,,126094.638718,,,0.999
iran-gulf-action,iran-military-action-against-a-gulf-state-onptptpt-20260708212328295,iran-gulf-action::july-13,iran-gulf-action::july-13,July 13,,,0x83a77ebdd51de03302e736ba66c9d2285da508f7b282814a84ab5129b3098e4f,86235953329386432460672469030315509538354077418001466432980979104051625649671,36398173413921360033964103461538189256774748277034257367087078747601866036118,2851418,Iran military action against a Gulf State on July 13?,2026-07-08T22:17:33.444033Z,2026-07-22T14:54:32Z,2026-07-22T15:55:01Z,true,true,true,false,true,1,,154185.7671930001,,,0.008
iran-gulf-action,iran-military-action-against-a-gulf-state-onptptpt-20260708212328295,iran-gulf-action::july-14,iran-gulf-action::july-14,July 14,,,0x9b657c83de4d0142ab99818031f3f8490253aa328ec1ead75045520a60c85170,94521935446796114035277114642344610790711587346100488341944638455326379648454,98154023299559322384539297834860773408786664261945160644448477362486017877355,2851419,Iran military action against a Gulf State on July 14?,2026-07-08T22:17:33.590761Z,2026-07-22T14:54:32Z,2026-07-22T15:55:01Z,true,true,true,false,true,1,,68879.606351,,,0.999
iran-gulf-action,iran-military-action-against-a-gulf-state-onptptpt-20260708212328295,iran-gulf-action::july-15,iran-gulf-action::july-15,July 15,,,0xea34f37974c5f80aac8d52143d6089ae80300c863219952370f437f4317c420c,11316524974845914493674451187888678614629115208634773719129175992673812821702,23872536422987847708549184645256266714188562438439423005806428098846917130585,2851420,Iran military action against a Gulf State on July 15?,2026-07-08T22:17:33.803174Z,2026-07-22T14:54:32Z,2026-07-22T15:55:01Z,true,true,true,false,true,1,,124898.535887,,,0.075
iran-gulf-action,iran-military-action-against-a-gulf-state-onptptpt-20260708212328295,iran-gulf-action::july-16,iran-gulf-action::july-16,July 16,,,0x76a8d25cb68a81ff5f36264ff4d74ba09000db7b469877967bd255fc00d3cdac,15383573996457559653695724538322220459018722205367567147773941611007063460155,93847514119215760843743293464740615575395730764484563464821660421815814231190,2851421,Iran military action against a Gulf State on July 16?,2026-07-08T22:17:34.026352Z,2026-07-22T14:54:32Z,2026-07-22T15:55:01Z,true,true,true,false,true,1,,33550.523087,,,0.001
iran-gulf-action,iran-military-action-against-a-gulf-state-onptptpt-20260708212328295,iran-gulf-action::july-17,iran-gulf-action::july-17,July 17,,,0x436d9d06828e37aeb8056bae347f879a506c898c8dd893aa049c65942a3664bb,40346301504959260673994506715683563690918302533479485952427690103733332353696,79942782983590763571806230422069280987308029049382794888794492400629325668217,2851422,Iran military action against a Gulf State on July 17?,2026-07-08T22:17:34.228377Z,2026-07-22T14:54:32Z,2026-07-22T15:55:01Z,true,true,true,false,true,1,,53965.66115,,,0.998
iran-gulf-action,iran-military-action-against-a-gulf-state-onptptpt-20260708212328295,iran-gulf-action::july-18,iran-gulf-action::july-18,July 18,,,0x8d2086d979dd61ad63374caf155a31ad4137f7a5e2562a0b5ea464f831b5ef8d,44023908313028429860206737774541001005536901634200148326714737620765736943472,51369203848054132898097894269402131830587314505070742027547039308459729594918,2851423,Iran military action against a Gulf State on July 18?,2026-07-08T22:17:34.375267Z,2026-07-22T14:54:32Z,2026-07-22T15:55:01Z,true,true,true,false,true,1,,61012.353645,,,0.999
iran-gulf-action,iran-military-action-against-a-gulf-state-onptptpt-20260708212328295,iran-gulf-action::july-19,iran-gulf-action::july-19,July 19,,,0x27712cb667d3e589ae890dd01ccb744c5346741a1361d37025b55ae78bd8d97a,60575817539806759941846705720372810649523436439614823841552698526493799390035,29712432541386151395497526987675256547181503740186382119990706836501276997669,2851424,Iran military action against a Gulf State on July 19?,2026-07-08T22:17:34.569887Z,2026-07-22T14:54:32Z,2026-07-22T15:55:01Z,true,true,true,false,true,1,,83927.958678,,,0.995
iran-gulf-action,iran-military-action-against-a-gulf-state-onptptpt-20260708212328295,iran-gulf-action::july-20,iran-gulf-action::july-20,July 20,,,0xe1392afa5a8528ed21382736dd808c190019b7d638e619c1f97f0258ada7a2df,26200848093962890271666876148218993995385329651543834868496581438376329103946,70752534070173123983607648700450031377021698438725710874720922239392290964423,2851425,Iran military action against a Gulf State on July 20?,2026-07-08T22:17:34.752466Z,2026-07-22T14:54:32Z,2026-07-22T15:55:01Z,true,true,true,false,true,1,,94493.1982409999,27206.279687,,0.999
iran-gulf-action,iran-military-action-against-a-gulf-state-onptptpt-20260708212328295,iran-gulf-action::july-21,iran-gulf-action::july-21,July 21,,,0xa807e5a89d5371adc5b2d62310374dc1a58b34b28276f8d91108d419cee01b51,66905572552423463226946584732616521344922124485659770391758988136052883702655,95265777532145698208837728933681562521619488914909220026194707289354561416186,2851426,Iran military action against a Gulf State on July 21?,2026-07-08T22:17:34.9394Z,2026-07-22T14:54:32Z,2026-07-22T15:55:01Z,true,true,false,true,true,1,,30013.886674,9040.347699,29946.6466,0.57
iran-gulf-action,iran-military-action-against-a-gulf-state-onptptpt-20260708212328295,iran-gulf-action::july-22,iran-gulf-action::july-22,July 22,,,0x6f5b0c11d2ca15f24e8ec8da647fed7db927d1f5ea6f83b51054a032930f4b49,62448827455670838065197792737925352027960337050623413822721871544497420997976,53251577813346624396260036679467132361332686872177799548802345669054224000090,2851427,Iran military action against a Gulf State on July 22?,2026-07-08T22:17:35.14733Z,2026-07-22T14:54:32Z,2026-07-22T15:55:01Z,true,true,false,true,true,1,,41882.798072,8338.785275,18463.1736,0.66
iran-gulf-action,iran-military-action-against-a-gulf-state-onptptpt-20260708212328295,iran-gulf-action::july-23,iran-gulf-action::july-23,July 23,,,0xe50789ae873f89bf41daa5791bb6242d33c37466c7ab19ad8c6ec82633a3e6cf,30332287428473371939809122710717309958348149769714444343716300345938663641188,73570547768346822780802346386684001478490009014553579007297890714984461415005,2851428,Iran military action against a Gulf State on July 23?,2026-07-08T22:17:35.333231Z,2026-07-22T14:54:32Z,2026-07-22T15:55:01Z,true,true,false,true,true,1,,16920.749893,2217.497003,3374.9186,0.66
iran-gulf-action,iran-military-action-against-a-gulf-state-onptptpt-20260708212328295,iran-gulf-action::july-24,iran-gulf-action::july-24,July 24,,,0x1e97a760229f1b1d9a1682d0f4d0c659cfb9e386baacc010f57f5f52be4dff95,9637026597112847742961213113184336947134624351333493088309192610730129864031,114571299780453802665975372653186968343007954479921489572405377925716649640988,2851429,Iran military action against a Gulf State on July 24?,2026-07-08T22:17:35.529051Z,2026-07-22T14:54:32Z,2026-07-22T15:55:01Z,true,true,false,true,true,1,,16598.812205,1129.626093,4084.8273,0.65
iran-gulf-action,iran-military-action-against-a-gulf-state-onptptpt-20260708212328295,iran-gulf-action::july-25,iran-gulf-action::july-25,July 25,,,0xbaab28e6ebff145d042ecfc46aa9eaab3552d6d1351c50c68714e8198e94f6b6,49617337781020188307768274303415556976496999110763601267415889730857715789721,29043170293372966657317885023924443234640851264030966675155142741904368032789,2851430,Iran military action against a Gulf State on July 25?,2026-07-08T22:17:35.743788Z,2026-07-22T14:54:32Z,2026-07-22T15:55:01Z,true,true,false,true,true,1,,9781.431031,1599.071954,2864.9497,0.61
iran-gulf-action,iran-military-action-against-a-gulf-state-onptptpt-20260708212328295,iran-gulf-action::july-26,iran-gulf-action::july-26,July 26,,,0x1b98ff3ef0422c7c37c03f17ab586b5e27fc46a2c006f2aa092042f5cef98fae,69401251047730223542817225186371298775231892162035033757063918782833197412305,51791585261933630523426964692668791503472743234656562841177663691109990835836,2851431,Iran military action against a Gulf State on July 26?,2026-07-08T22:17:35.988524Z,2026-07-22T14:54:32Z,2026-07-22T15:55:01Z,true,true,false,true,true,1,,23006.619442,2554.910679,35168.1927,0.5
iran-gulf-action,iran-military-action-against-a-gulf-state-onptptpt-20260708212328295,iran-gulf-action::july-27,iran-gulf-action::july-27,July 27,,,0x03ee7e5103cd121c0cd5e77fd07da606a13b0b96f14744762033a2b01cfc785d,42572027724280184121847638399904797292478435149428561301702316767118852132839,17696735131952071263256299985926345914780029471184358633467130010448526850281,2851432,Iran military action against a Gulf State on July 27?,2026-07-08T22:17:36.16721Z,2026-07-22T14:54:32Z,2026-07-22T15:55:01Z,true,true,false,true,true,1,,19013.242034,2085.902039,7591.1545,0.45
iran-gulf-action,iran-military-action-against-a-gulf-state-onptptpt-20260708212328295,iran-gulf-action::july-28,iran-gulf-action::july-28,July 28,,,0xe17f375e232325b713db9d909b35c9b7e46784e7d221a4b901b5c0ef617c6f2a,106762104678810243546106471758169012176603450257706306940389134162797698906024,24137511833420001167573959568718279712480540434845201271184367489192019496990,2851433,Iran military action against a Gulf State on July 28?,2026-07-08T22:17:36.353269Z,2026-07-22T14:54:32Z,2026-07-22T15:55:01Z,true,true,false,true,true,1,,12431.649526,686.786488,2738.7148,0.43
iran-gulf-action,iran-military-action-against-a-gulf-state-onptptpt-20260708212328295,iran-gulf-action::july-29,iran-gulf-action::july-29,July 29,,,0x73250e6360cdfda3f655298f3bce39ad820edeb2d9d340d765d3a0664310988f,75254689111693420659251259927067825374267364439634599193510178189761460984447,52016302299763275966614586309113858869243738027704945435951377870173377717324,2851434,Iran military action against a Gulf State on July 29?,2026-07-08T22:17:36.557127Z,2026-07-22T14:54:32Z,2026-07-22T15:55:01Z,true,true,false,true,true,1,,18853.659352,1847.875321,14858.2352,0.4
iran-gulf-action,iran-military-action-against-a-gulf-state-onptptpt-20260708212328295,iran-gulf-action::july-30,iran-gulf-action::july-30,July 30,,,0x1c143e33cb924ee4390e7a249894582a0c2be01d4c56483d494788845f77def1,85640694375214073984632279085551552809997536450507923582782965440244856427849,86433194875461461203965504842518877863314419780352425772516771340809391445516,2851435,Iran military action against a Gulf State on July 30?,2026-07-08T22:17:36.771322Z,2026-07-22T14:54:32Z,2026-07-22T15:55:01Z,true,true,false,true,true,1,,28221.006874,1399.869366,27603.9154,0.38
iran-gulf-action,iran-military-action-against-a-gulf-state-onptptpt-20260708212328295,iran-gulf-action::july-31,iran-gulf-action::july-31,July 31,,,0xd705a4a30361064ff57dfced2c0b1e2decb312e5f9ba083cc06a8c76c228f788,94532098304557005230109539107582681809482927354674657947564550849622637600215,21013015538412439029578415700924665461893044976822234743169426472047687304183,2851436,Iran military action against a Gulf State on July 31?,2026-07-08T22:17:36.936457Z,2026-07-22T14:54:32Z,2026-07-22T15:55:01Z,true,true,false,true,true,1,,24225.416242,609.191014,7228.3256,0.35
iran-gulf-action,iran-military-action-against-a-gulf-state-onptptpt-20260708212328295,iran-gulf-action::july-9,iran-gulf-action::july-9,July 9,,,0xeb9f5707eabf3c272097196b137d841fda958ec64aecff36283cc448a7e3e40b,115147204977117737874154803841181012449146941275699745556479997448531136943728,57735052456855662469680638991345252822075573241262899451505016817218542639621,2851414,Iran military action against a Gulf State on July 9?,2026-07-08T22:17:32.573181Z,2026-07-22T14:54:32Z,2026-07-22T15:55:01Z,true,true,true,false,true,1,,967771.9092109996,,,0.999
wti-july,what-price-will-wti-hit-in-july-2026,wti-july::down-10,wti-july::threshold-10,↓ $10,down,10,0x4e6b09fac3d4617f99dc39473649ff31b6b0d82ff98f9c529b85a28620f44040,103486498119378451179219417143664310688128103910413430410145138993374718347752,114832100172262828245773122839787547499321741394539402766286240916806762707439,2677871,Will WTI Crude Oil (WTI) hit (LOW) $10 in July?,2026-06-25T04:01:36.241451Z,2026-07-22T14:54:32Z,2026-07-22T15:55:01Z,true,true,false,true,true,1,,61735.62946,,33295.30892,0.001
wti-july,what-price-will-wti-hit-in-july-2026,wti-july::down-20,wti-july::threshold-20,↓ $20,down,20,0x51ac5f2c798c48937c22f9a3d55fbee99155192a036417836efedcaddd6c3cdf,1775125921235522495793813320737314667222143856030258291159971110979259297159,11465457088929045452916113971225747110569606889572375274290174613293293661853,2677870,Will WTI Crude Oil (WTI) hit (LOW) $20 in July?,2026-06-25T04:01:36.030662Z,2026-07-22T14:54:32Z,2026-07-22T15:55:01Z,true,true,false,true,true,1,,22625.278002,,30047.98859,0.002
wti-july,what-price-will-wti-hit-in-july-2026,wti-july::down-30,wti-july::threshold-30,↓ $30,down,30,0xcb5b38c14ce9ff68ca87d794afca89721ecd36634753a9d0c36fdd9a0e432062,78958978464449806680992509709312966060074226623910798354534843913627009239511,61701000629799598293390599415356629464767159144118298844346482840781720398939,2677869,Will WTI Crude Oil (WTI) hit (LOW) $30 in July?,2026-06-25T04:01:35.811088Z,2026-07-22T14:54:32Z,2026-07-22T15:55:01Z,true,true,false,true,true,1,,28111.986377,,22882.84017,0.001
wti-july,what-price-will-wti-hit-in-july-2026,wti-july::down-40,wti-july::threshold-40,↓ $40,down,40,0x957f7e00c24627782cd47355ed227114396e5a2248189a99f91f6e53ec686898,34613829893267264482471425717288493923695036287736460949409192790035257189616,51237146744148427773459164471379481097744680662136563625695286301594863250446,2677868,Will WTI Crude Oil (WTI) hit (LOW) $40 in July?,2026-06-25T04:01:35.635853Z,2026-07-22T14:54:32Z,2026-07-22T15:55:01Z,true,true,false,true,true,1,,22565.932537,,26629.5306,0.002
wti-july,what-price-will-wti-hit-in-july-2026,wti-july::down-45,wti-july::threshold-45,↓ $45,down,45,0xc202cf0730b1cb84fa424daad7ef64980c11de1563a9e4073a5e56e387843d85,3603309201746827745823437494253300302271168881870834371343120015833722743072,28168299480101057599492589859015320704189909859020495617431940577226565056101,2730121,Will WTI Crude Oil (WTI) hit (LOW) $45 in July?,2026-06-29T13:10:34.559258Z,2026-07-22T14:54:32Z,2026-07-22T15:55:01Z,true,true,false,true,true,1,,22838.984376,853.325,23543.28512,0.001
wti-july,what-price-will-wti-hit-in-july-2026,wti-july::down-50,wti-july::threshold-50,↓ $50,down,50,0x93aa490883377e5caa323bfb25ed8032bf20c715119104045775ee6037799dad,94256521593544480543590118006079017541795636931500369646656064127160843747691,4183466791006141831646833210821967159196781292953733052499472437218190411026,2677867,Will WTI Crude Oil (WTI) hit (LOW) $50 in July?,2026-06-25T04:01:35.421058Z,2026-07-22T14:54:32Z,2026-07-22T15:55:01Z,true,true,false,true,true,1,,45888.78969,3201.58619,59396.70269,0.001
wti-july,what-price-will-wti-hit-in-july-2026,wti-july::down-55,wti-july::threshold-55,↓ $55,down,55,0x74d17f5d49e264bafc2b6b1cd66837e9e2fc17206acbbea51b7b227217a2325f,82099948515270121528148218399819770397463990084271622234325873202864385743320,84524301851767716481276609927453446091952199559350889672381780150547221019076,2730120,Will WTI Crude Oil (WTI) hit (LOW) $55 in July?,2026-06-29T13:10:33.019733Z,2026-07-22T14:54:32Z,2026-07-22T15:55:01Z,true,true,false,true,true,1,,211344.7992989996,4944.598108,104208.94098,0.003
wti-july,what-price-will-wti-hit-in-july-2026,wti-july::down-60,wti-july::threshold-60,↓ $60,down,60,0xcfa5b3d9e618d3f7dbda457b95af3b45d23e53d5b90b7474638769d0003a30bf,92884769434992938715559925656439132319252799140712672860278557982561603907701,45577571045586354580867723590187610737440858320952646656400929424079181641802,2677866,Will WTI Crude Oil (WTI) hit (LOW) $60 in July?,2026-06-25T04:01:35.248093Z,2026-07-22T14:54:32Z,2026-07-22T15:55:01Z,true,true,false,true,true,1,,537916.6523749994,7694.347826,177132.37738,0.01
wti-july,what-price-will-wti-hit-in-july-2026,wti-july::down-65,wti-july::threshold-65,↓ $65,down,65,0x668373148ae84fcdb7c43f6559e7a02c8a3f36bfcbebddb9d85f61166b342714,76871630073768569552797150609822645892067649727669846010100532810215217966974,105264030144763765900954151434036077733461671404807347516649307390089162658985,2730119,Will WTI Crude Oil (WTI) hit (LOW) $65 in July?,2026-06-29T13:10:31.332179Z,2026-07-22T14:54:32Z,2026-07-22T15:55:01Z,true,true,false,true,true,1,,886127.7318900009,23724.297912,48744.52726,0.011
wti-july,what-price-will-wti-hit-in-july-2026,wti-july::down-70,wti-july::threshold-70,↓ $70,down,70,0x54dced78ab7d57eff695ff55c7c5bd6a5ef851038e74567626c79d579272dcf0,83335075599971714937523805024011428585134086338392675714905144161284836871049,97088588044435141057151229083417331033090627698433318430278321837894213176677,3001463,Will WTI Crude Oil (WTI) hit (LOW) $70 in July?,2026-07-20T15:44:08.326419Z,2026-07-22T14:54:32Z,2026-07-22T15:55:01Z,true,true,false,true,true,1,,16397.640909,12028.123709,24427.8481,0.05
wti-july,what-price-will-wti-hit-in-july-2026,wti-july::down-75,wti-july::threshold-75,↓ $75,down,75,0xa4f8288b7c86460c9b86b8850f34c59bfa3a89ab689451aece1720c58bfa8700,8503631071836867347464139061343009279632295442121255739410575641243084102702,32068262520396805123391720792175280475154464374692635587722712680955563490454,3001462,Will WTI Crude Oil (WTI) hit (LOW) $75 in July?,2026-07-20T15:44:07.496519Z,2026-07-22T14:54:32Z,2026-07-22T15:55:01Z,true,true,false,true,true,1,,40248.444139,28485.099774,13085.1746,0.15
wti-july,what-price-will-wti-hit-in-july-2026,wti-july::down-80,wti-july::threshold-80,↓ $80,down,80,0x6b382feeb97121c8bd5fe0fe0ab8272b955e741ac7117ee691a2460896f43ee7,101160548233880789393436078768179810884704352948387943201465269532099315241797,102465043518837625519270162796827842101802722388134072464942915639104527659386,3002524,Will WTI Crude Oil (WTI) hit (LOW) $80 in July?,2026-07-20T16:27:01.534268Z,2026-07-22T14:54:32Z,2026-07-22T15:55:01Z,true,true,false,true,true,1,,53723.575414,41763.431396,15968.8057,0.4
wti-july,what-price-will-wti-hit-in-july-2026,wti-july::up-100,wti-july::threshold-100,↑ $100,up,100,0x21c77725363b6717538157cf5ce5cf9c69571120870d6def4233257566e07db4,105122145715401868862282894819487928240289369378439043280447797378511530042214,7879725478536356917422362732460515493463084598262424681347350457402251864086,2677862,Will WTI Crude Oil (WTI) hit (HIGH) $100 in July?,2026-06-25T04:01:34.46313Z,2026-07-22T14:54:32Z,2026-07-22T15:55:01Z,true,true,false,true,true,1,,673970.9849720002,119133.930042,55771.17003,0.179
wti-july,what-price-will-wti-hit-in-july-2026,wti-july::up-105,wti-july::threshold-105,↑ $105,up,105,0x5062a23690144ef266851c95571c63af1f8b06b14607fe859b9d3bc7ed9d2813,9838960425978400607865808829770794750674501095370512526040508081525649286338,46002627792286939692140037087010448206579722485731654221626909085979618419191,2730116,Will WTI Crude Oil (WTI) hit (HIGH) $105 in July?,2026-06-29T13:10:25.5325Z,2026-07-22T14:54:32Z,2026-07-22T15:55:01Z,true,true,false,true,true,1,,332896.1812560002,108218.797205,52881.06884,0.107
wti-july,what-price-will-wti-hit-in-july-2026,wti-july::up-110,wti-july::threshold-110,↑ $110,up,110,0x335f5ef09fa8a90a55afb75b2ccc93854a38de9af172b4c19d8269daba90376a,50042929721814531283912527952527423799138336127612604436503540960023902840838,52291129144401642016884410294342801343795747572699125397137780768401166138352,2677861,Will WTI Crude Oil (WTI) hit (HIGH) $110 in July?,2026-06-25T04:01:34.298817Z,2026-07-22T14:54:32Z,2026-07-22T15:55:01Z,true,true,false,true,true,1,,499800.8755120001,64232.998503,87547.18459,0.029
wti-july,what-price-will-wti-hit-in-july-2026,wti-july::up-115,wti-july::threshold-115,↑ $115,up,115,0xb890ec39d646eba02450865de7b956791b693d52954477ad88b88e6ba9567da0,72013143967483445466862848455346364029129523364698079640285288635784535302753,14192427105062952290440350521906794966188366156090771678337415873435819984077,2730115,Will WTI Crude Oil (WTI) hit (HIGH) $115 in July?,2026-06-29T13:10:23.599655Z,2026-07-22T14:54:32Z,2026-07-22T15:55:01Z,true,true,false,true,true,1,,279247.2776009999,29724.596337,70231.45817,0.029
wti-july,what-price-will-wti-hit-in-july-2026,wti-july::up-120,wti-july::threshold-120,↑ $120,up,120,0xf11cac1c942b190540f996bcdd73f8dd2d6e1b379956ac3af2cb9ab65cb4a2a8,63865431903197611382957263428970366366076501949877782468330585796688708128713,41287558204973208888289378364716561116480795834780493184334810840370200193857,2677860,Will WTI Crude Oil (WTI) hit (HIGH) $120 in July?,2026-06-25T04:01:34.082291Z,2026-07-22T14:54:32Z,2026-07-22T15:55:01Z,true,true,false,true,true,1,,357486.671672,45461.022207,91017.27093,0.018
wti-july,what-price-will-wti-hit-in-july-2026,wti-july::up-130,wti-july::threshold-130,↑ $130,up,130,0x55dfd168bd0e352e3a976434ca44143a786cd4764b5dc534f7690f762e0de15c,5527236833632659155247147014701568233005225951330220583808426522182818004653,70736169639353287968107544679059506239041052188854560940316638600981245646740,2677859,Will WTI Crude Oil (WTI) hit (HIGH) $130 in July?,2026-06-25T04:01:33.859201Z,2026-07-22T14:54:32Z,2026-07-22T15:55:01Z,true,true,false,true,true,1,,425804.3751820001,32220.044711,52804.51819,0.008
wti-july,what-price-will-wti-hit-in-july-2026,wti-july::up-70,wti-july::threshold-70,↑ $70,up,70,0xc8cd22598d1685ec83183e3e2a18d8c85a1995629194da02ebcf828b06856892,48280751947570212746085546573012543624649588904890566699632410152355669975113,1920835222537586399663645223569691958988999027346951712554887831873164760873,2677865,Will WTI Crude Oil (WTI) hit (HIGH) $70 in July?,2026-06-25T04:01:35.02307Z,2026-07-22T14:54:32Z,2026-07-22T15:55:01Z,true,true,true,false,true,1,,8706.256301,,,0.999
wti-july,what-price-will-wti-hit-in-july-2026,wti-july::up-80,wti-july::threshold-80,↑ $80,up,80,0x140c41f4491c885da7763e4111ca13fb169d907d73d3918429f98e1c1862aab9,60806317326159607374282200707556294855206853468836223934335735983346661186527,90291134224542495089473235347121675001610583981733905294889384605482241312765,2677864,Will WTI Crude Oil (WTI) hit (HIGH) $80 in July?,2026-06-25T04:01:34.826028Z,2026-07-22T14:54:32Z,2026-07-22T15:55:01Z,true,true,true,false,true,1,,840871.8610679995,,,0.999
wti-july,what-price-will-wti-hit-in-july-2026,wti-july::up-85,wti-july::threshold-85,↑ $85,up,85,0x3a869359895989c1dee6f920c203f12791f03c206e86ce48353c46626ee743b1,22528811400530975395291943060712020412576637775330549054872768564127041445306,113199972565504065546928517983965013937206873589661418762823925265393930154477,2730118,Will WTI Crude Oil (WTI) hit (HIGH) $85 in July?,2026-06-29T13:10:28.841758Z,2026-07-22T14:54:32Z,2026-07-22T15:55:01Z,true,true,true,false,true,1,,1540828.2448350037,13101.43,,0.999
wti-july,what-price-will-wti-hit-in-july-2026,wti-july::up-90,wti-july::threshold-90,↑ $90,up,90,0x4c63863c9f4449243981ae1748c5ee9d4d8c8f22e25f708a9afd4c86e124f360,4514603758205646648829440876458893210600340145888059868720133003939336634458,18228499614522265291176034113583147878051836449664912269173941247677684213870,2677863,Will WTI Crude Oil (WTI) hit (HIGH) $90 in July?,2026-06-25T04:01:34.621231Z,2026-07-22T14:54:32Z,2026-07-22T15:55:01Z,true,true,false,true,true,1,,1498165.0303699984,319329.1791669998,106131.41293,0.652
wti-july,what-price-will-wti-hit-in-july-2026,wti-july::up-95,wti-july::threshold-95,↑ $95,up,95,0x7d352ec1d718dd1f2d2fdb93d65fd3908cf34755d1aa45a8697a84d2b5ae1e8e,55689044028128278672494108251217443782536678376777545334307559186551480418539,22380582002052839082465005899114395003938630732672759582910297636521820401881,2730117,Will WTI Crude Oil (WTI) hit (HIGH) $95 in July?,2026-06-29T13:10:27.323648Z,2026-07-22T14:54:32Z,2026-07-22T15:55:01Z,true,true,false,true,true,1,,1242854.5244119992,250740.2160569999,97923.85799,0.338
wti-week-july-13,will-wti-hit-week-of-july-13-2026,wti-week-july-13::down-40,wti-week-july-13::threshold-40,↓ $40,down,40,0x1168062a7503e186c94c873adbc0617c5c066d85934c618c4d154a3cf66af31b,31092365207416248300185297497359319346056487312754025532215867673291975133193,38317767816702483457793434940330875627550744182870820445762205487675261607184,2874908,Will WTI Crude Oil (WTI) hit (LOW) $40 Week of July 13 2026?,2026-07-10T22:01:32.628402Z,2026-07-22T14:54:32Z,2026-07-22T15:55:01Z,true,true,true,false,true,1,,1947.514649,,0,0.001
wti-week-july-13,will-wti-hit-week-of-july-13-2026,wti-week-july-13::down-45,wti-week-july-13::threshold-45,↓ $45,down,45,0x18b8c5992928028c6c3cd710fac0eff4e0ccfbb9f4ce37701c3683c763f2d6a3,42235295605664317620672228155035550727742060009392730430109172928167472012927,9496848765433321228117408844863545824691956085936440801975027443025484212357,2874907,Will WTI Crude Oil (WTI) hit (LOW) $45 Week of July 13 2026?,2026-07-10T22:01:32.50351Z,2026-07-22T14:54:32Z,2026-07-22T15:55:01Z,true,true,true,false,true,1,,2429.735257,,,0.01
wti-week-july-13,will-wti-hit-week-of-july-13-2026,wti-week-july-13::down-50,wti-week-july-13::threshold-50,↓ $50,down,50,0xd1975acc7229be1640951cc7fb8b06437de90b3df7f765bb8f117e4ff60d4ec7,8133284914015010708764165404438288534449839864675009061102001036223157024772,10451261697616171854467570636986584391483392657431992909685181087669460876369,2874906,Will WTI Crude Oil (WTI) hit (LOW) $50 Week of July 13 2026?,2026-07-10T22:01:32.376059Z,2026-07-22T14:54:32Z,2026-07-22T15:55:01Z,true,true,true,false,true,1,,733.457695,,0,
wti-week-july-13,will-wti-hit-week-of-july-13-2026,wti-week-july-13::down-55,wti-week-july-13::threshold-55,↓ $55,down,55,0x59eaaa26785d1c151916eacb21332375c3a042d4fb6f6a22471bbebaac0aaccc,104067292113263831098293174482847723725751921323599866679923602995159096781456,77985481417222057168495787763351995688441219925948148780447407317786434148285,2874905,Will WTI Crude Oil (WTI) hit (LOW) $55 Week of July 13 2026?,2026-07-10T22:01:32.237826Z,2026-07-22T14:54:32Z,2026-07-22T15:55:01Z,true,true,true,false,true,1,,676.344,,,
wti-week-july-13,will-wti-hit-week-of-july-13-2026,wti-week-july-13::down-60,wti-week-july-13::threshold-60,↓ $60,down,60,0x4b18f92b35bfa6baeecfdcaa11710d7d8931f75d41ccd71d99964468ebc7b178,23413206886179006887430705437217446060641608229873785236447626690225241000319,80415818758370498679820074524692868362253694110203587380963963648264342116999,2874904,Will WTI Crude Oil (WTI) hit (LOW) $60 Week of July 13 2026?,2026-07-10T22:01:32.108909Z,2026-07-22T14:54:32Z,2026-07-22T15:55:01Z,true,true,true,false,true,1,,821.76,,,0.001
wti-week-july-13,will-wti-hit-week-of-july-13-2026,wti-week-july-13::down-65,wti-week-july-13::threshold-65,↓ $65,down,65,0x7cf55658edc4dacdc45fc9517b45d42a3586ec34be1788e67b19f14545d6fe0d,86517234292648816275493152497925381268804849394496725077713734001446405258395,18442916934656869429531592330874607403489773923124457793344823637028410108286,2874903,Will WTI Crude Oil (WTI) hit (LOW) $65 Week of July 13 2026?,2026-07-10T22:01:31.982566Z,2026-07-22T14:54:32Z,2026-07-22T15:55:01Z,true,true,true,false,true,1,,7577.83,,,0.01
wti-week-july-13,will-wti-hit-week-of-july-13-2026,wti-week-july-13::down-70,wti-week-july-13::threshold-70,↓ $70,down,70,0x2e8266572f2a8d3e740c2b43ba2079379640f887ca4c132e1c29bce3ddda816d,20725933388403246348839886067967876658550391149058614267180243133274708551694,18072965289143047740251422694904588001007214126997975182387911886856567016950,2874902,Will WTI Crude Oil (WTI) hit (LOW) $70 Week of July 13 2026?,2026-07-10T22:01:31.856094Z,2026-07-22T14:54:32Z,2026-07-22T15:55:01Z,true,true,true,false,true,1,,16314.448574,,,0.001
wti-week-july-13,will-wti-hit-week-of-july-13-2026,wti-week-july-13::up-100,wti-week-july-13::threshold-100,↑ $100,up,100,0xbf5268afc974ebbd3ca32028c13b9a06ded62b41b478ef2dfe15883fb502c89b,8269966036588316341339245665323976084512986227561212519876040250675478383710,96332630578917209315930090041503514124130579290953717149958914824865779322981,2874896,Will WTI Crude Oil (WTI) hit (HIGH) $100 Week of July 13 2026?,2026-07-10T22:01:31.084825Z,2026-07-22T14:54:32Z,2026-07-22T15:55:01Z,true,true,true,false,true,1,,9389.302156,,,0.001
wti-week-july-13,will-wti-hit-week-of-july-13-2026,wti-week-july-13::up-105,wti-week-july-13::threshold-105,↑ $105,up,105,0x0179ac705fe516006c97940ccbafc200a632f1f9908fac1aa3266e004a7e4f29,96889463468950592249975680575622149441332207064003104270175602230232955724153,48633516686141877478778583909133180265714914900964236822528834805710050019439,2874895,Will WTI Crude Oil (WTI) hit (HIGH) $105 Week of July 13 2026?,2026-07-10T22:01:30.958415Z,2026-07-22T14:54:32Z,2026-07-22T15:55:01Z,true,true,true,false,true,1,,8605.307631,,,0.014
wti-week-july-13,will-wti-hit-week-of-july-13-2026,wti-week-july-13::up-75,wti-week-july-13::threshold-75,↑ $75,up,75,0x64f31f9096c36ae6f3f7e486fb3a9a38605486e92962c168d3265ba3d4eb0199,108499025884105459732024757161631362312201960387581794752772216770715785029873,75645405175681862521286896832431535687917521914389265290262662818619833633962,2874901,Will WTI Crude Oil (WTI) hit (HIGH) $75 Week of July 13 2026?,2026-07-10T22:01:31.730705Z,2026-07-22T14:54:32Z,2026-07-22T15:55:01Z,true,true,true,false,true,1,,2440.51709,,,0.999
wti-week-july-13,will-wti-hit-week-of-july-13-2026,wti-week-july-13::up-80,wti-week-july-13::threshold-80,↑ $80,up,80,0x9643a5378361e54185db6f1c755c56a26ba65b4725bfe64c39cc9c255a151205,66979422455262370990272617388861834978125817998165543267004179274666331134012,51599345490260149722700713107695816268918479953338110542737795131287157473040,2874900,Will WTI Crude Oil (WTI) hit (HIGH) $80 Week of July 13 2026?,2026-07-10T22:01:31.603451Z,2026-07-22T14:54:32Z,2026-07-22T15:55:01Z,true,true,true,false,true,1,,4431.117644,,,0.999
wti-week-july-13,will-wti-hit-week-of-july-13-2026,wti-week-july-13::up-85,wti-week-july-13::threshold-85,↑ $85,up,85,0x5238b3c201c2e84a20b6ba3e76f37963a44055fe367fd0a892fc6c844be8afd6,71822399723663746148750649291870665410687801514441263762205549127981818455963,28404305113552179911678906687865992547398961755709969793072049921936911774913,2874899,Will WTI Crude Oil (WTI) hit (HIGH) $85 Week of July 13 2026?,2026-07-10T22:01:31.477794Z,2026-07-22T14:54:32Z,2026-07-22T15:55:01Z,true,true,true,false,true,1,,16727.386209,,,0.001
wti-week-july-13,will-wti-hit-week-of-july-13-2026,wti-week-july-13::up-90,wti-week-july-13::threshold-90,↑ $90,up,90,0x65e0604bae3b5849a8f369dc8f67fa476711beaa6d7d16981701e5758773ebfe,107359830755616235454766600386787790384138345153512161567930921304795863630395,59887771495403210298832928867225532712795206973622989318134371611865151463395,2874898,Will WTI Crude Oil (WTI) hit (HIGH) $90 Week of July 13 2026?,2026-07-10T22:01:31.351954Z,2026-07-22T14:54:32Z,2026-07-22T15:55:01Z,true,true,true,false,true,1,,16128.02573,,,0.001
wti-week-july-13,will-wti-hit-week-of-july-13-2026,wti-week-july-13::up-95,wti-week-july-13::threshold-95,↑ $95,up,95,0xb0db8776a052c72ac882bbd6c0f58483889033a02d8e72d724d8d5a99b22c076,9367328384862970495340842063396396049688737204051708485910321338703741938257,112108108041682425419646363012032788127224163985348994271326376436758144463251,2874897,Will WTI Crude Oil (WTI) hit (HIGH) $95 Week of July 13 2026?,2026-07-10T22:01:31.223817Z,2026-07-22T14:54:32Z,2026-07-22T15:55:01Z,true,true,true,false,true,1,,16520.643927,,,0.006
