Snapshot At,Book Timestamp,Event Key,Event Slug,Logical Market ID,Threshold Family ID,Market Label,Condition ID,Token ID,Outcome,Book Status,Best Bid,Best Ask,Midpoint,Spread,Bid Levels,Ask Levels,Bid Shares Total,Ask Shares Total,Bid Notional Total,Ask Notional Total,Bid Shares 1c,Ask Shares 1c,Bid Notional 1c,Ask Notional 1c,Bid Shares 5c,Ask Shares 5c,Bid Notional 5c,Ask Notional 5c,Bid Shares 10c,Ask Shares 10c,Bid Notional 10c,Ask Notional 10c,Book Hash,Instance Volume,Logical Lifetime Volume,Liquidity,Last Trade Price
2026-07-22T14:54:32Z,,bab-el-mandeb,bab-el-mandeb-strait-effectively-closed-by,bab-el-mandeb::april-30,bab-el-mandeb::april-30,April 30,0xcd26bdb63b81dfcc5482c42e9372c8a46091b1de1123d2afefb83df83fe859fd,68763178427006805567687963157205459368686336843492282974222563638371290392637,Yes,closed,,,,,,,,,,,,,,,,,,,,,,,,1651616.9613379955,1651616.9613379955,,0.002
2026-07-22T14:54:32Z,1784732080234,bab-el-mandeb,bab-el-mandeb-strait-effectively-closed-by,bab-el-mandeb::august-31,bab-el-mandeb::august-31,August 31,0x31327c6fbdc70a44d97f8e8973f536b6a748e01b4c0ca5549ed0910c703b1d7b,30774565298935121666763850272423963284589055313497974568971929195252437852383,Yes,available,0.19,0.2,0.195,0.01,19,49,78817.88,162225.04,4401.9957,122662.0097,169.32,235.2,32.1208,47.04,7331.35,1004.63,1113.4324,219.9146,20683.19,9661.23,2466.4531,2729.8437,b4c8a851105e0e0b6391993349a5e510349b3c8e,424030.1476540003,424030.1476540003,44184.5155,0.22
2026-07-22T14:54:32Z,1784732078115,bab-el-mandeb,bab-el-mandeb-strait-effectively-closed-by,bab-el-mandeb::december-31,bab-el-mandeb::december-31,December 31,0xd8659b58a90d0d69fb1170f25b2b896871a1328115fd11c6f4cfe2b01a2a8ba0,43976511902268111041633866799555037330317427315454056847054364885183934986197,Yes,available,0.32,0.34,0.33,0.02,30,48,360018.35,205437.05,21548.9325,167456.8749,8305.82,2446.1,2645.9375,856.035,16088.38,14629.43,4938.9009,5430.1959,20358.86,17156.95,5957.2011,6508.2421,c1c1be096502931d26d7788258caa3e43049cb78,104314.778459,104314.778459,59542.2789,0.35
2026-07-22T14:54:32Z,1784732076922,bab-el-mandeb,bab-el-mandeb-strait-effectively-closed-by,bab-el-mandeb::july-31,bab-el-mandeb::july-31,July 31,0x8240c24b4ac5c954241ee6a10cffc627abf676d88b9d7de5b034c2f7c060b00a,111696390093542777743372253154770633634026024336928078383991970477589503016483,Yes,available,0.03,0.034,0.032,0.004,28,119,1255600.5700000001,443739.89,2675.17169,346247.99293,18771.98,4950.49,460.97839,201.46794,1255600.5700000001,41812.82,2675.17169,2581.72228,1255600.5700000001,46886.15,2675.17169,3076.94633,e69d42378e664042dbeab17f1202b8424bca396a,410647.715823,410647.715823,100837.3091,0.033
2026-07-22T14:54:32Z,,bab-el-mandeb,bab-el-mandeb-strait-effectively-closed-by,bab-el-mandeb::june-15,bab-el-mandeb::june-15,June 15,0x9b6f9eb121e43f6867a0855acae1354c569ce8ba32fbc48422d4dec9210161ae,20196742749539509761661984106543638848820693100108903857245165416832601208204,Yes,closed,,,,,,,,,,,,,,,,,,,,,,,,221113.662598,221113.662598,,0.001
2026-07-22T14:54:32Z,,bab-el-mandeb,bab-el-mandeb-strait-effectively-closed-by,bab-el-mandeb::june-22,bab-el-mandeb::june-22,June 22,0xcd22707a80bba2d2ce0622e9a3605d82b766285b50ef20745a1d4bb7435cbd27,88959253385780434026013586354346797545069866320014190098649284105130211673753,Yes,closed,,,,,,,,,,,,,,,,,,,,,,,,129291.0457759999,129291.0457759999,,0.001
2026-07-22T14:54:32Z,,bab-el-mandeb,bab-el-mandeb-strait-effectively-closed-by,bab-el-mandeb::june-30,bab-el-mandeb::june-30,June 30,0xa976dcc2fac50cf13968adbee89ce1de26df0191b8480b89d418280273197f53,70979157952244849403592933535229643909731035328387913162617056140126772714735,Yes,closed,,,,,,,,,,,,,,,,,,,,,,,,1218248.1640610006,1218248.1640610006,,0.001
2026-07-22T14:54:32Z,,bab-el-mandeb,bab-el-mandeb-strait-effectively-closed-by,bab-el-mandeb::march-31,bab-el-mandeb::march-31,March 31,0x2d7ff3eaa920d560debfac34e360670462e1e5ab35f653c9da992b45a854058b,99778214645114863668880041453529219633986641849591096749668602237070973011766,Yes,closed,,,,,,,,,,,,,,,,,,,,,,,,330325.4789079996,330325.4789079996,,0.004
2026-07-22T14:54:32Z,,bab-el-mandeb,bab-el-mandeb-strait-effectively-closed-by,bab-el-mandeb::may-31,bab-el-mandeb::may-31,May 31,0x9647b0f18083245933f2d2ca09acbe7ce89ee60ba83ed01e984df4bc7888a214,50593835060887644541304886936916227361253501730886355031778884057367095965579,Yes,closed,,,,,,,,,,,,,,,,,,,,,,,,1339221.415588001,1339221.415588001,,0.001
2026-07-22T14:54:32Z,1784732071372,bab-el-mandeb,bab-el-mandeb-strait-effectively-closed-by,bab-el-mandeb::september-30,bab-el-mandeb::september-30,September 30,0x95fc6a4ed7f6856d26aa7f21b9f902d05c9cf76b616fd3463de4d147f7a9126b,79492971912420892776290893910148058147353983898749011679176479416889510526578,Yes,available,0.25,0.26,0.255,0.01,24,67,107119.18,263527.85,12856.2255,206790.8787,50.33,3949.93,12.2783,1063.481,13294.58,4587.92,2776.0423,1252.2181,47644.29,7578.27,8599.7108,2278.6533,e2c8b2d19602cc0535ce53515bfe88492af110ca,1176712.1313459834,1176712.1313459834,72469.3246,0.26
2026-07-22T14:54:32Z,1784732077580,crude-oil-ath,crude-oil-all-time-high-by,crude-oil-ath::december-31,crude-oil-ath::december-31,December 31,0x8a5c0b5fc339f2dbaf584def66bcf8bff94d91f0250562e452782fed3d18f821,89220876555191016916241799318314090743516702009053928118059298766028257434413,Yes,available,0.15,0.16,0.155,0.01,15,43,443073.26,51698.68,12962.5339,25565.3444,9092.64,2820.59,1285.8961,460.7457,30225.49,9651.91,3831.5529,1784.6635,80804.72,16444.44,7381.2752,3395.48,0c6598b26c886da545c26c572e3f1fdb7a1f8a51,502144.1843789999,502144.1843789999,39112.8312,0.16
2026-07-22T14:54:32Z,,crude-oil-ath,crude-oil-all-time-high-by,crude-oil-ath::june-30,crude-oil-ath::june-30,June 30,0x806fb0e989b077af7566e558cab7379688c7a77f096dc770ab7fae8b2b87f879,39339966529469470019448605801041862069619328010783591124407527181751306502524,Yes,closed,,,,,,,,,,,,,,,,,,,,,,,,342416.6721520003,342416.6721520003,,0.001
2026-07-22T14:54:32Z,,crude-oil-ath,crude-oil-all-time-high-by,crude-oil-ath::may-31,crude-oil-ath::may-31,May 31,0xad11c116316e3230412ddfc829ede72f78941986247df4f2eb08c48aba8747c9,64945649452959373653070860731630332115808821000915165795105032832332501292750,Yes,closed,,,,,,,,,,,,,,,,,,,,,,,,448552.2812780002,448552.2812780002,,0.001
2026-07-22T14:54:32Z,1784732078138,crude-oil-ath,crude-oil-all-time-high-by,crude-oil-ath::september-30,crude-oil-ath::september-30,September 30,0x6a18969bc603992de4c5c9d53c2881e1378ac193cdad01e7f932afa7fdc4af3e,99854297587081815138313853193420814111300083263132357130852297048771575220765,Yes,available,0.073,0.076,0.0745,0.003,45,98,622264.13,333285.15,4132.04914,299427.18388,4148.08,3758.56,293.63401,316.86098,34414.68,17665.01,1542.44584,1830.68068,622264.13,18968.95,4132.04914,2043.28699,94233fa1951d0a9746ee9d522270792d3ed8b442,635964.6101660013,635964.6101660013,38358.27784,0.071
2026-07-22T14:54:32Z,,houthi-saudi,houthi-military-action-against-saudi-arabia-byptptpt-20260714212508550,houthi-saudi::july-17,houthi-saudi::july-17,July 17,0x31edde7553de5acfafc51962d3d2bb825bfee3b07b6c266f7478a8f063830b22,2389652668935213422423810659497636143685416910098691028514543560002992710097,Yes,closed,,,,,,,,,,,,,,,,,,,,,,,,3089.283573,3089.283573,,0.019
2026-07-22T14:54:32Z,1784732071250,houthi-saudi,houthi-military-action-against-saudi-arabia-byptptpt-20260714212508550,houthi-saudi::july-24,houthi-saudi::july-24,July 24,0xdd43b704a6d32ca6578c870b76b93e4b493d149db0af6293bebf9732265b2fdf,53463045150758545897192204463963233164277093545266592436259576986157141071738,Yes,available,0.11,0.21,0.16,0.1,9,32,3613.87,21742.21,99.8973,19590.2654,399.97,18,40.997,3.88,428.28,274.27,43.0956,67.6321,3613.87,354.53,99.8973,90.2189,c3799fa4e5ae009d8850a2986e4acf942cbfc59d,6907.048128,6907.048128,2286.1019,0.12
2026-07-22T14:54:32Z,1784732080349,houthi-saudi,houthi-military-action-against-saudi-arabia-byptptpt-20260714212508550,houthi-saudi::july-31,houthi-saudi::july-31,July 31,0xad5873e68e236470c7ada70a48e4a1d846e68a5703f352695ea62418781fc9bf,2720277783721923206648877398460634256159488478230220767967160628341163139758,Yes,available,0.18,0.29,0.235,0.11,14,21,14119.98,16662.97,371.0359,15481.8236,38.22,83.97,6.8796,24.4313,170.34,212.35,25.5989,67.7277,1254.65,373.55,125.0799,124.3597,de64ee02d27512741b9a877de2d555a391d07b31,5557.234097,5557.234097,1521.1656,0.19
2026-07-22T14:54:32Z,1784732080414,houthi-shipping,houthis-successfully-target-shipping-byptptpt-20260708165455691,houthi-shipping::august-15,houthi-shipping::august-15,August 15,0x5caa414247a18ef39f65078f1406cd594611be843d177cd3c5c6a671c9041dcb,100760427043220159052781035042603486058701071668917124369590236218781960561555,Yes,available,0.3,0.47,0.385,0.17,16,22,16840.22,20007.51,900.4782,18637.9045,117.68,45.94,34.9628,21.6618,770.68,302.85,206.3228,152.4349,822.85,322.84,218.3219,163.0296,79f3e7d71a6d01d229604da7f32c5fe5d9134314,744.258042,744.258042,2069.4402,0.4
2026-07-22T14:54:32Z,1784732080350,houthi-shipping,houthis-successfully-target-shipping-byptptpt-20260708165455691,houthi-shipping::august-31,houthi-shipping::august-31,August 31,0x1121a02fc780ddeb79cf91cdf2fea0a7dc2a8eb91a8643e86a4a415ab519ab90,25252139719387305389090759227041579550456702736511482208905350724277919018200,Yes,available,0.5,0.57,0.535,0.07,27,29,58060.56,216087.37,3080.3237,202384.018,401.33,18,196.7517,10.36,912.33,313.84,441.9217,190.8181,961.59,763.83,463.1562,487.8115,d58b3af22fbfed09afbe0599d01a2444ed925ebb,55760.210878,55760.210878,6110.2857,0.5
2026-07-22T14:54:32Z,,houthi-shipping,houthis-successfully-target-shipping-byptptpt-20260708165455691,houthi-shipping::july-17,houthi-shipping::july-17,July 17,0x220d507c2e1838bd2f89bcb3d8e81208dd9a28cfc4ca40a2eaab9d45611957d4,56967625347067070667633539668080924494032070688477545163865602896573042991695,Yes,closed,,,,,,,,,,,,,,,,,,,,,,,,149584.2407810001,149584.2407810001,,0.001
2026-07-22T14:54:32Z,1784732066038,houthi-shipping,houthis-successfully-target-shipping-byptptpt-20260708165455691,houthi-shipping::july-23,houthi-shipping::july-23,July 23,0xf2df33944c6e62576bc316380f8cde04480bafbd4b16f918b8125330d16c48b0,65355314672383074540755111166425801646322783301035881342809008615961311745169,Yes,available,0.08,0.099,0.0895,0.019,18,35,2123.01,91977.68,104.24518,79349.12017,1099.12,319.27,84.9702,32.03968,1483.88,365.27,100.21412,37.28368,2123.01,850.91,104.24518,133.11264,1d40a7799deb5b27c1df98f85d3c0c07494d7c8c,1952.991935,1952.991935,13047.61008,0.079
2026-07-22T14:54:32Z,1784732065746,houthi-shipping,houthis-successfully-target-shipping-byptptpt-20260708165455691,houthi-shipping::july-25,houthi-shipping::july-25,July 25,0xd4fc7079b9890f5b80269a7bd8bee6cfd3a5200276650fcdb16a02d46cf7f41b,99727498485348768854423089039846365040841909282103558754340012894755594044749,Yes,available,0.24,0.26,0.25,0.02,12,23,11936.79,19847.41,297.8383,18172.3217,237.52,80.3,55.7206,21.079,329.57,144.89,74.7428,40.5019,329.57,144.89,74.7428,40.5019,da311049ea8ec8c7476e3b2173ebaae626b2c307,1550.896925,1550.896925,2023.6682,0.24
2026-07-22T14:54:32Z,1784732079369,houthi-shipping,houthis-successfully-target-shipping-byptptpt-20260708165455691,houthi-shipping::july-31,houthi-shipping::july-31,July 31,0x5afb81cbd0ca3356dbebedd49cf667288207766206238b18b34c500b52c88345,11553285742256622965902391811056783122042804173189054211722148787777433742322,Yes,available,0.31,0.35,0.33,0.04,25,46,282108.48,164386.58,13639.2153,141854.5055,149.38,950.78,44.974,340.1808,1211.83,1501.12,347.9613,546.31,1226.83,6651.4,351.5613,2786.9688,341410fe215d2a350bf4aa343744ad5de616d009,176202.9241399998,176202.9241399998,21820.4625,0.31
2026-07-22T14:54:32Z,,iran-gulf-action,iran-military-action-against-a-gulf-state-onptptpt-20260708212328295,iran-gulf-action::july-10,iran-gulf-action::july-10,July 10,0x18c398c97deddabe1f3900e0d4c58472a19c7c33ffcb7d09ea6979cdda3eb0ac,22470067561511105858172189470447344013815256872133753171887542599472470489508,Yes,closed,,,,,,,,,,,,,,,,,,,,,,,,67058.146771,67058.146771,,0.001
2026-07-22T14:54:32Z,,iran-gulf-action,iran-military-action-against-a-gulf-state-onptptpt-20260708212328295,iran-gulf-action::july-11,iran-gulf-action::july-11,July 11,0xaacb2d891e50062ab341f0ea450adef245e1a44f502207accbc07ce5dbf307e9,89252596722278675063490859986518869736887103855589660585321055731925559384917,Yes,closed,,,,,,,,,,,,,,,,,,,,,,,,79224.545692,79224.545692,,0.004
2026-07-22T14:54:32Z,,iran-gulf-action,iran-military-action-against-a-gulf-state-onptptpt-20260708212328295,iran-gulf-action::july-12,iran-gulf-action::july-12,July 12,0xbea088d2cfa887c5985be2b3feea2ea5ef8fdede3933ec0a415d1de3813a48a1,8709035425304608717633078221679777301318104015900761735264882237273152358903,Yes,closed,,,,,,,,,,,,,,,,,,,,,,,,126094.638718,126094.638718,,0.999
2026-07-22T14:54:32Z,,iran-gulf-action,iran-military-action-against-a-gulf-state-onptptpt-20260708212328295,iran-gulf-action::july-13,iran-gulf-action::july-13,July 13,0x83a77ebdd51de03302e736ba66c9d2285da508f7b282814a84ab5129b3098e4f,86235953329386432460672469030315509538354077418001466432980979104051625649671,Yes,closed,,,,,,,,,,,,,,,,,,,,,,,,154185.7671930001,154185.7671930001,,0.008
2026-07-22T14:54:32Z,,iran-gulf-action,iran-military-action-against-a-gulf-state-onptptpt-20260708212328295,iran-gulf-action::july-14,iran-gulf-action::july-14,July 14,0x9b657c83de4d0142ab99818031f3f8490253aa328ec1ead75045520a60c85170,94521935446796114035277114642344610790711587346100488341944638455326379648454,Yes,closed,,,,,,,,,,,,,,,,,,,,,,,,68879.606351,68879.606351,,0.999
2026-07-22T14:54:32Z,,iran-gulf-action,iran-military-action-against-a-gulf-state-onptptpt-20260708212328295,iran-gulf-action::july-15,iran-gulf-action::july-15,July 15,0xea34f37974c5f80aac8d52143d6089ae80300c863219952370f437f4317c420c,11316524974845914493674451187888678614629115208634773719129175992673812821702,Yes,closed,,,,,,,,,,,,,,,,,,,,,,,,124898.535887,124898.535887,,0.075
2026-07-22T14:54:32Z,,iran-gulf-action,iran-military-action-against-a-gulf-state-onptptpt-20260708212328295,iran-gulf-action::july-16,iran-gulf-action::july-16,July 16,0x76a8d25cb68a81ff5f36264ff4d74ba09000db7b469877967bd255fc00d3cdac,15383573996457559653695724538322220459018722205367567147773941611007063460155,Yes,closed,,,,,,,,,,,,,,,,,,,,,,,,33550.523087,33550.523087,,0.001
2026-07-22T14:54:32Z,,iran-gulf-action,iran-military-action-against-a-gulf-state-onptptpt-20260708212328295,iran-gulf-action::july-17,iran-gulf-action::july-17,July 17,0x436d9d06828e37aeb8056bae347f879a506c898c8dd893aa049c65942a3664bb,40346301504959260673994506715683563690918302533479485952427690103733332353696,Yes,closed,,,,,,,,,,,,,,,,,,,,,,,,53965.66115,53965.66115,,0.998
2026-07-22T14:54:32Z,,iran-gulf-action,iran-military-action-against-a-gulf-state-onptptpt-20260708212328295,iran-gulf-action::july-18,iran-gulf-action::july-18,July 18,0x8d2086d979dd61ad63374caf155a31ad4137f7a5e2562a0b5ea464f831b5ef8d,44023908313028429860206737774541001005536901634200148326714737620765736943472,Yes,closed,,,,,,,,,,,,,,,,,,,,,,,,61012.353645,61012.353645,,0.999
2026-07-22T14:54:32Z,,iran-gulf-action,iran-military-action-against-a-gulf-state-onptptpt-20260708212328295,iran-gulf-action::july-19,iran-gulf-action::july-19,July 19,0x27712cb667d3e589ae890dd01ccb744c5346741a1361d37025b55ae78bd8d97a,60575817539806759941846705720372810649523436439614823841552698526493799390035,Yes,closed,,,,,,,,,,,,,,,,,,,,,,,,83927.958678,83927.958678,,0.995
2026-07-22T14:54:32Z,,iran-gulf-action,iran-military-action-against-a-gulf-state-onptptpt-20260708212328295,iran-gulf-action::july-20,iran-gulf-action::july-20,July 20,0xe1392afa5a8528ed21382736dd808c190019b7d638e619c1f97f0258ada7a2df,26200848093962890271666876148218993995385329651543834868496581438376329103946,Yes,closed,,,,,,,,,,,,,,,,,,,,,,,,94493.1982409999,94493.1982409999,,0.999
2026-07-22T14:54:32Z,1784732080374,iran-gulf-action,iran-military-action-against-a-gulf-state-onptptpt-20260708212328295,iran-gulf-action::july-21,iran-gulf-action::july-21,July 21,0xa807e5a89d5371adc5b2d62310374dc1a58b34b28276f8d91108d419cee01b51,66905572552423463226946584732616521344922124485659770391758988136052883702655,Yes,available,0.62,0.64,0.63,0.02,54,28,134293.47,257813.28,15576.3334,244253.0118,29.35,14.63,18.097,9.4432,103.36,49.63,60.6629,33.2932,463.77,243.29,254.7764,168.8552,2eac052dbbd0bfc0e5e7bc61e46468afdcced032,29827.152716,29827.152716,29040.3624,0.68
2026-07-22T14:54:32Z,1784732080276,iran-gulf-action,iran-military-action-against-a-gulf-state-onptptpt-20260708212328295,iran-gulf-action::july-22,iran-gulf-action::july-22,July 22,0x6f5b0c11d2ca15f24e8ec8da647fed7db927d1f5ea6f83b51054a032930f4b49,62448827455670838065197792737925352027960337050623413822721871544497420997976,Yes,available,0.66,0.72,0.69,0.06,44,24,116982.14,290837.45,16209.1814,276263.8791,53.99,239,35.6334,172.08,101.28,343.46,64.9326,251.9412,224.28,1748.11,134.2126,1374.0017,0b89de94dc165cb3cb3c0949b511534d26f36aae,41799.016495,41799.016495,24575.2998,0.71
2026-07-22T14:54:32Z,1784732080143,iran-gulf-action,iran-military-action-against-a-gulf-state-onptptpt-20260708212328295,iran-gulf-action::july-23,iran-gulf-action::july-23,July 23,0xe50789ae873f89bf41daa5791bb6242d33c37466c7ab19ad8c6ec82633a3e6cf,30332287428473371939809122710717309958348149769714444343716300345938663641188,Yes,available,0.65,0.67,0.66,0.02,24,18,21073.6,19222.1,1969.3616,17766.8332,94.11,536.31,60.3104,364.5908,386.7,1666.31,239.086,1153.4908,898.13,2362.46,527.7687,1679.3418,89ce539038529eb2ab9bf5184e19133a1276ec74,16438.167171,16438.167171,3806.5094,0.67
2026-07-22T14:54:32Z,1784732054804,iran-gulf-action,iran-military-action-against-a-gulf-state-onptptpt-20260708212328295,iran-gulf-action::july-24,iran-gulf-action::july-24,July 24,0x1e97a760229f1b1d9a1682d0f4d0c659cfb9e386baacc010f57f5f52be4dff95,9637026597112847742961213113184336947134624351333493088309192610730129864031,Yes,available,0.61,0.64,0.625,0.03,25,22,30101.06,25440.31,2559.3882,24095.8194,22.86,329,13.8446,213.75,32.86,727.74,19.5446,486.8358,42.86,1498.46,25.0446,1026.3398,077dbaf46819a209054ffe6d4c29d7808223afd8,16565.612205,16565.612205,3903.8788,0.63
2026-07-22T14:54:32Z,1784732065487,iran-gulf-action,iran-military-action-against-a-gulf-state-onptptpt-20260708212328295,iran-gulf-action::july-25,iran-gulf-action::july-25,July 25,0xbaab28e6ebff145d042ecfc46aa9eaab3552d6d1351c50c68714e8198e94f6b6,49617337781020188307768274303415556976496999110763601267415889730857715789721,Yes,available,0.6,0.61,0.605,0.01,21,20,26727.92,31233.45,1588.8152,30371.3276,30,88.81,17.8,54.8822,182,107.7,104.44,67.3496,182,107.7,104.44,67.3496,fa5adf10f87dad2a3de5cc2910145c4835d43817,9781.431031,9781.431031,2699.9276,0.61
2026-07-22T14:54:32Z,1784731822638,iran-gulf-action,iran-military-action-against-a-gulf-state-onptptpt-20260708212328295,iran-gulf-action::july-26,iran-gulf-action::july-26,July 26,0x1b98ff3ef0422c7c37c03f17ab586b5e27fc46a2c006f2aa092042f5cef98fae,69401251047730223542817225186371298775231892162035033757063918782833197412305,Yes,available,0.46,0.5,0.48,0.04,34,35,176794.92,174002.86,17337.8062,157101.4869,31.22,383.16,14.129,191.58,252.88,980.22,105.5676,506.4545,4568.63,1009.48,1717.5995,523.7179,e97c540690edde7057cd721760dd5f4fc15aba26,23006.619442,23006.619442,34239.1793,0.5
2026-07-22T14:54:32Z,1784732066079,iran-gulf-action,iran-military-action-against-a-gulf-state-onptptpt-20260708212328295,iran-gulf-action::july-27,iran-gulf-action::july-27,July 27,0x03ee7e5103cd121c0cd5e77fd07da606a13b0b96f14744762033a2b01cfc785d,42572027724280184121847638399904797292478435149428561301702316767118852132839,Yes,available,0.4,0.44,0.42,0.04,22,31,55510.2,64403.48,4472.7664,60601.3879,872.57,650.04,340.4023,292.3624,3318.3,840.04,1269.2416,383.1024,4801.86,1108.04,1742.1609,517.3624,33dbd934ffe1a2e0900e1dbceab573797c578297,19013.242034,19013.242034,7838.7576,0.45
2026-07-22T14:54:32Z,1784732019491,iran-gulf-action,iran-military-action-against-a-gulf-state-onptptpt-20260708212328295,iran-gulf-action::july-28,iran-gulf-action::july-28,July 28,0xe17f375e232325b713db9d909b35c9b7e46784e7d221a4b901b5c0ef617c6f2a,106762104678810243546106471758169012176603450257706306940389134162797698906024,Yes,available,0.36,0.42,0.39,0.06,20,17,25416.61,46003.6,1443.7432,44707.5599,16.4,19.03,5.82,7.9926,391.4,115.25,128.32,52.8938,1004.76,125.25,298.5146,57.6938,5f322ee222b1b4e50fbbc55629eab61445379f50,12408.255614,12408.255614,3044.9835,0.41
2026-07-22T14:54:32Z,1784732065394,iran-gulf-action,iran-military-action-against-a-gulf-state-onptptpt-20260708212328295,iran-gulf-action::july-29,iran-gulf-action::july-29,July 29,0x73250e6360cdfda3f655298f3bce39ad820edeb2d9d340d765d3a0664310988f,75254689111693420659251259927067825374267364439634599193510178189761460984447,Yes,available,0.4,0.43,0.415,0.03,22,47,30624.45,152377.26,1632.3146,139547.9004,60.48,70.67,23.7651,30.6548,207.13,169.56,76.4644,76.3442,704.4,274.55,231.6108,130.1389,6506eab365090e1483914dfa4653ecfa897e8850,18841.679352,18841.679352,14569.7642,0.4
2026-07-22T14:54:32Z,1784732054807,iran-gulf-action,iran-military-action-against-a-gulf-state-onptptpt-20260708212328295,iran-gulf-action::july-30,iran-gulf-action::july-30,July 30,0x1c143e33cb924ee4390e7a249894582a0c2be01d4c56483d494788845f77def1,85640694375214073984632279085551552809997536450507923582782965440244856427849,Yes,available,0.37,0.4,0.385,0.03,28,40,247455.2,159323.73,13021.187,144834.6832,223.94,838.61,80.6984,340.444,794.04,848.6,270.3214,344.8396,2163.87,1608.11,684.9513,707.6371,05f87dbdc328e52f0a816634412215527a4e27c3,28221.006874,28221.006874,27510.2338,0.38
2026-07-22T14:54:32Z,1784732080122,iran-gulf-action,iran-military-action-against-a-gulf-state-onptptpt-20260708212328295,iran-gulf-action::july-31,iran-gulf-action::july-31,July 31,0xd705a4a30361064ff57dfced2c0b1e2decb312e5f9ba083cc06a8c76c228f788,94532098304557005230109539107582681809482927354674657947564550849622637600215,Yes,available,0.35,0.36,0.355,0.01,23,30,35983.34,79081.07,2180.6235,74029.7501,114.55,829.15,39.8925,306.7355,1151.26,1728.81,370.1746,656.8828,1710.3,1802.44,519.462,687.8074,bcf5d78b047f7f012d4aba935439fd77a1d4b3df,24215.416242,24215.416242,7468.9062,0.35
2026-07-22T14:54:32Z,,iran-gulf-action,iran-military-action-against-a-gulf-state-onptptpt-20260708212328295,iran-gulf-action::july-9,iran-gulf-action::july-9,July 9,0xeb9f5707eabf3c272097196b137d841fda958ec64aecff36283cc448a7e3e40b,115147204977117737874154803841181012449146941275699745556479997448531136943728,Yes,closed,,,,,,,,,,,,,,,,,,,,,,,,967771.9092109996,967771.9092109996,,0.999
2026-07-22T14:54:32Z,1784731765184,wti-july,what-price-will-wti-hit-in-july-2026,wti-july::down-10,wti-july::threshold-10,↓ $10,0x4e6b09fac3d4617f99dc39473649ff31b6b0d82ff98f9c529b85a28620f44040,103486498119378451179219417143664310688128103910413430410145138993374718347752,Yes,available,,0.001,,,0,44,0,2610931.2200000002,0,2577638.4160799999,0,5728.54,0,16.59654,0,5884.54,0,18.46854,0,5884.54,0,18.46854,9fbde22f1a98de539a0aab7a3aec4b936d721659,61735.62946,61735.62946,33292.80392,0.001
2026-07-22T14:54:32Z,1784732071124,wti-july,what-price-will-wti-hit-in-july-2026,wti-july::down-20,wti-july::threshold-20,↓ $20,0x51ac5f2c798c48937c22f9a3d55fbee99155192a036417836efedcaddd6c3cdf,1775125921235522495793813320737314667222143856030258291159971110979259297159,Yes,available,,0.002,,,0,42,0,2595593.8700000001,0,2565548.3864099998,0,3378.25,0,16.0765,0,3378.25,0,16.0765,0,3378.25,0,16.0765,299595905bd5e207cff846ec56683cfb01ae9b27,22625.278002,22625.278002,30047.98859,0.002
2026-07-22T14:54:32Z,1784731691908,wti-july,what-price-will-wti-hit-in-july-2026,wti-july::down-30,wti-july::threshold-30,↓ $30,0xcb5b38c14ce9ff68ca87d794afca89721ecd36634753a9d0c36fdd9a0e432062,78958978464449806680992509709312966060074226623910798354534843913627009239511,Yes,available,,0.001,,,0,38,0,2323305.23,0,2300424.8948299997,0,2531.17,0,13.15734,0,3101.15,0,23.1971,0,3101.15,0,23.1971,1ecadfcd3f7e4650b9c2a42d8ce60abb9c215310,28111.986377,28111.986377,22880.33517,0.001
2026-07-22T14:54:32Z,1784731885649,wti-july,what-price-will-wti-hit-in-july-2026,wti-july::down-40,wti-july::threshold-40,↓ $40,0x957f7e00c24627782cd47355ed227114396e5a2248189a99f91f6e53ec686898,34613829893267264482471425717288493923695036287736460949409192790035257189616,Yes,available,,0.001,,,0,45,0,1538496.6899999999,0,1511864.3744000001,0,5690.14,0,33.39915,0,6103.67,0,38.87293,0,6103.67,0,38.87293,91699b4e669aefde494e369c9113bea1ac3750c7,22565.932537,22565.932537,26632.3156,0.002
2026-07-22T14:54:32Z,1784731886235,wti-july,what-price-will-wti-hit-in-july-2026,wti-july::down-45,wti-july::threshold-45,↓ $45,0xc202cf0730b1cb84fa424daad7ef64980c11de1563a9e4073a5e56e387843d85,3603309201746827745823437494253300302271168881870834371343120015833722743072,Yes,available,,0.003,,,0,46,0,1317237.9299999999,0,1293692.1398799999,0,3951.24,0,28.45297,0,4266.24,0,36.45297,0,4266.24,0,36.45297,ebb992e4df34db1f4b281de458a0a5ce3dc33eae,22838.984376,22838.984376,23545.79012,0.001
2026-07-22T14:54:32Z,1784731936480,wti-july,what-price-will-wti-hit-in-july-2026,wti-july::down-50,wti-july::threshold-50,↓ $50,0x93aa490883377e5caa323bfb25ed8032bf20c715119104045775ee6037799dad,94256521593544480543590118006079017541795636931500369646656064127160843747691,Yes,available,,0.002,,,0,55,0,2684565.9600000004,0,2622160.2683600001,0,33770.43,0,247.83941,0,38447.62,0,358.69197,0,38447.62,0,358.69197,ca7d916fc183bcafe2321e88468255f20b3bf80d,45888.78969,45888.78969,62405.69164,0.001
2026-07-22T14:54:32Z,1784732071119,wti-july,what-price-will-wti-hit-in-july-2026,wti-july::down-55,wti-july::threshold-55,↓ $55,0x74d17f5d49e264bafc2b6b1cd66837e9e2fc17206acbbea51b7b227217a2325f,82099948515270121528148218399819770397463990084271622234325873202864385743320,Yes,available,0.003,0.004,0.0035,0.001,3,55,15341.62,380120.53,17.58846,276126.10371,15341.62,38123.34,17.58846,341.2519,15341.62,89290.06,17.58846,2345.84187,15341.62,89327.56,17.58846,2347.94187,fa1387dda4132689e03a335936a32908883eb5f2,211330.2155509997,211330.2155509997,104504.51475,0.003
2026-07-22T14:54:32Z,1784731970858,wti-july,what-price-will-wti-hit-in-july-2026,wti-july::down-60,wti-july::threshold-60,↓ $60,0xcfa5b3d9e618d3f7dbda457b95af3b45d23e53d5b90b7474638769d0003a30bf,92884769434992938715559925656439132319252799140712672860278557982561603907701,Yes,available,0.006,0.007,0.0065,0.001,6,72,235368.11,1039774.27,694.50009,863534.18365,235368.11,6674.7,694.50009,59.9836,235368.11,74542.57,694.50009,1774.20065,235368.11,74721.57,694.50009,1787.12865,f2619466abd025f64599773d986d8410ea72fc4c,537915.1433749994,537915.1433749994,179402.42341,0.01
2026-07-22T14:54:32Z,1784731964475,wti-july,what-price-will-wti-hit-in-july-2026,wti-july::down-65,wti-july::threshold-65,↓ $65,0x668373148ae84fcdb7c43f6559e7a02c8a3f36bfcbebddb9d85f61166b342714,76871630073768569552797150609822645892067649727669846010100532810215217966974,Yes,available,0.013,0.016,0.0145,0.003,12,65,197034.42,300192.67,662.92526,252304.04924,73926.45,615.93,515.21834,10.75488,197034.42,12938.62,662.92526,547.18349,197034.42,30015.71,662.92526,1849.80769,5fc19d6077cc946843aafce06ec71b25b6b111a3,886127.7318900009,886127.7318900009,48553.54602,0.011
2026-07-22T14:54:32Z,1784732069257,wti-july,what-price-will-wti-hit-in-july-2026,wti-july::down-70,wti-july::threshold-70,↓ $70,0x54dced78ab7d57eff695ff55c7c5bd6a5ef851038e74567626c79d579272dcf0,83335075599971714937523805024011428585134086338392675714905144161284836871049,Yes,available,0.04,0.05,0.045,0.01,4,22,23588.42,196875.3,661.3157,172067.8924,18860,7190.5,592.4,429.9638,23588.42,9438.94,661.3157,608.1632,23588.42,15452.57,661.3157,1359.7988,0b5bc78b4743d8bdba59216e70b3636b00a4cbfe,16257.640909,16257.640909,25424.1938,0.05
2026-07-22T14:54:32Z,1784732009799,wti-july,what-price-will-wti-hit-in-july-2026,wti-july::down-75,wti-july::threshold-75,↓ $75,0xa4f8288b7c86460c9b86b8850f34c59bfa3a89ab689451aece1720c58bfa8700,8503631071836867347464139061343009279632295442121255739410575641243084102702,Yes,available,0.13,0.15,0.14,0.02,11,25,17934.87,73192.55,1728.2624,61109.5161,10160.28,2122.66,1294.2675,330.0112,13481.6,4782.3,1642.785,817.6498,14292.41,4948.3,1675.6265,857.6498,5dd5a5b464dc89311bd811a129a9dbf8417c544e,40215.110807,40215.110807,14231.0028,0.11
2026-07-22T14:54:32Z,1784732080034,wti-july,what-price-will-wti-hit-in-july-2026,wti-july::down-80,wti-july::threshold-80,↓ $80,0x6b382feeb97121c8bd5fe0fe0ab8272b955e741ac7117ee691a2460896f43ee7,101160548233880789393436078768179810884704352948387943201465269532099315241797,Yes,available,0.4,0.41,0.405,0.01,28,20,94441.41,17206.13,9921.1581,15357.9365,539,200,212.6,82,4548.98,1579.55,1687.393,694.9492,8887.32,2348.58,3069.345,1056.3933,aa43ac59d5e71b5033873c0734c5163e978903a2,53446.645198,53446.645198,15898.5723,0.38
2026-07-22T14:54:32Z,1784732076747,wti-july,what-price-will-wti-hit-in-july-2026,wti-july::up-100,wti-july::threshold-100,↑ $100,0x21c77725363b6717538157cf5ce5cf9c69571120870d6def4233257566e07db4,105122145715401868862282894819487928240289369378439043280447797378511530042214,Yes,available,0.171,0.181,0.176,0.01,40,37,242723.59,1300054.8600000001,27056.06014,1263417.05749,140982.17,576.68,23777.65795,104.46098,141622.64,21299.54,23869.80858,4382.10489,170050.74,22322.06,26312.03768,4656.62892,8d254c9c38f657bc6ca1eb47203d6a170f1445fa,669322.4253200004,669322.4253200004,63946.31028,0.17
2026-07-22T14:54:32Z,1784732074465,wti-july,what-price-will-wti-hit-in-july-2026,wti-july::up-105,wti-july::threshold-105,↑ $105,0x5062a23690144ef266851c95571c63af1f8b06b14607fe859b9d3bc7ed9d2813,9838960425978400607865808829770794750674501095370512526040508081525649286338,Yes,available,0.096,0.104,0.1,0.008,47,40,184500.81,672606.38,4355.4892,645307.66895,3858.53,743.89,346.73747,79.92327,42896.51,2817.25,2724.09386,339.37964,184500.81,5244.23,4355.4892,759.93866,0cd8e63a17e38840b6fc903f4435cbbc5e378900,332418.0912560002,332418.0912560002,31542.35229,0.107
2026-07-22T14:54:32Z,1784732074890,wti-july,what-price-will-wti-hit-in-july-2026,wti-july::up-110,wti-july::threshold-110,↑ $110,0x335f5ef09fa8a90a55afb75b2ccc93854a38de9af172b4c19d8269daba90376a,50042929721814531283912527952527423799138336127612604436503540960023902840838,Yes,available,0.046,0.051,0.0485,0.005,28,45,183276.52,1525188.1599999999,1665.70485,1455877.0264300001,194.12,35998.87,7.93038,1989.8125,183276.52,40420.45,1665.70485,2329.56575,183276.52,40420.45,1665.70485,2329.56575,d6515258858a3bfbf82df8cfa4e498744b1d6ee1,499309.9455120001,499309.9455120001,71867.54829,0.054
2026-07-22T14:54:32Z,1784732080499,wti-july,what-price-will-wti-hit-in-july-2026,wti-july::up-115,wti-july::threshold-115,↑ $115,0xb890ec39d646eba02450865de7b956791b693d52954477ad88b88e6ba9567da0,72013143967483445466862848455346364029129523364698079640285288635784535302753,Yes,available,0.019,0.022,0.0205,0.003,17,47,135990.08,1559888.8899999999,836.72597,1490598.3964399998,63344.2,161.98,676.4523,4.44856,135990.08,42205.17,836.72597,1629.14008,135990.08,42405.78,836.72597,1644.18583,97aca9869b94abe064bb2d759f2a974167470895,279244.2176009999,279244.2176009999,69085.72433,0.029
2026-07-22T14:54:32Z,1784732074244,wti-july,what-price-will-wti-hit-in-july-2026,wti-july::up-120,wti-july::threshold-120,↑ $120,0xf11cac1c942b190540f996bcdd73f8dd2d6e1b379956ac3af2cb9ab65cb4a2a8,63865431903197611382957263428970366366076501949877782468330585796688708128713,Yes,available,0.013,0.014,0.0135,0.001,13,63,284635.16,2601787.0499999998,1580.16966,2512804.8613399998,215545.39,39707.33,1488.26741,748.26547,284635.16,50249.67,1580.16966,1124.12085,284635.16,63239.66,1580.16966,2410.86086,15b43ae6970dab5b410ad6da9f3ff6d697fb7e75,357052.8753660001,357052.8753660001,93753.92078,0.018
2026-07-22T14:54:32Z,1784732006460,wti-july,what-price-will-wti-hit-in-july-2026,wti-july::up-130,wti-july::threshold-130,↑ $130,0x55dfd168bd0e352e3a976434ca44143a786cd4764b5dc534f7690f762e0de15c,5527236833632659155247147014701568233005225951330220583808426522182818004653,Yes,available,0.005,0.006,0.0055,0.001,5,65,63753.79,2653707.1400000001,104.06766,2601216.7828700002,63753.79,11070.28,104.06766,134.61068,63753.79,28493.64,104.06766,593.89131,63753.79,29101.28,104.06766,654.30515,61a76d2dc444b9139d4e23a94ad1ff5dc6472fd1,425772.2344820001,425772.2344820001,55607.54328,0.008
2026-07-22T14:54:32Z,,wti-july,what-price-will-wti-hit-in-july-2026,wti-july::up-70,wti-july::threshold-70,↑ $70,0xc8cd22598d1685ec83183e3e2a18d8c85a1995629194da02ebcf828b06856892,48280751947570212746085546573012543624649588904890566699632410152355669975113,Yes,closed,,,,,,,,,,,,,,,,,,,,,,,,8706.256301,8706.256301,,0.999
2026-07-22T14:54:32Z,,wti-july,what-price-will-wti-hit-in-july-2026,wti-july::up-80,wti-july::threshold-80,↑ $80,0x140c41f4491c885da7763e4111ca13fb169d907d73d3918429f98e1c1862aab9,60806317326159607374282200707556294855206853468836223934335735983346661186527,Yes,closed,,,,,,,,,,,,,,,,,,,,,,,,840871.8610679995,840871.8610679995,,0.999
2026-07-22T14:54:32Z,,wti-july,what-price-will-wti-hit-in-july-2026,wti-july::up-85,wti-july::threshold-85,↑ $85,0x3a869359895989c1dee6f920c203f12791f03c206e86ce48353c46626ee743b1,22528811400530975395291943060712020412576637775330549054872768564127041445306,Yes,closed,,,,,,,,,,,,,,,,,,,,,,,,1540828.2448350037,1540828.2448350037,,0.999
2026-07-22T14:54:32Z,1784732080923,wti-july,what-price-will-wti-hit-in-july-2026,wti-july::up-90,wti-july::threshold-90,↑ $90,0x4c63863c9f4449243981ae1748c5ee9d4d8c8f22e25f708a9afd4c86e124f360,4514603758205646648829440876458893210600340145888059868720133003939336634458,Yes,available,0.694,0.723,0.7085,0.029,104,41,370386.12,711339.4,80614.07086,704318.8662899999,1146,12260.45,785.539,8922.33641,1852.71,12870.22,1255.27295,9376.10529,4691.13,19180.33,3057.42772,14440.09134,a07ee402c35c9eed151ae706046c92dbc5b0cac5,1496421.7230729989,1496421.7230729989,86566.9096,0.706
2026-07-22T14:54:32Z,1784732074466,wti-july,what-price-will-wti-hit-in-july-2026,wti-july::up-95,wti-july::threshold-95,↑ $95,0x7d352ec1d718dd1f2d2fdb93d65fd3908cf34755d1aa45a8697a84d2b5ae1e8e,55689044028128278672494108251217443782536678376777545334307559186551480418539,Yes,available,0.331,0.336,0.3335,0.005,66,56,321137.09,746763.53,37434.72725,687585.85925,8311.81,314.99,2737.40911,107.33664,56711.33,30183.82,17646.58416,11312.51632,67766.56,43738.26,20703.98446,16943.69248,c4a4cbf3811ac8523186332c5dd6b610a2d4d75c,1224521.2291469995,1224521.2291469995,97735.39994,0.331
2026-07-22T14:54:32Z,,wti-week-july-13,will-wti-hit-week-of-july-13-2026,wti-week-july-13::down-40,wti-week-july-13::threshold-40,↓ $40,0x1168062a7503e186c94c873adbc0617c5c066d85934c618c4d154a3cf66af31b,31092365207416248300185297497359319346056487312754025532215867673291975133193,Yes,closed,,,,,,,,,,,,,,,,,,,,,,,,1947.514649,1947.514649,0,0.001
2026-07-22T14:54:32Z,,wti-week-july-13,will-wti-hit-week-of-july-13-2026,wti-week-july-13::down-45,wti-week-july-13::threshold-45,↓ $45,0x18b8c5992928028c6c3cd710fac0eff4e0ccfbb9f4ce37701c3683c763f2d6a3,42235295605664317620672228155035550727742060009392730430109172928167472012927,Yes,closed,,,,,,,,,,,,,,,,,,,,,,,,2429.735257,2429.735257,,0.01
2026-07-22T14:54:32Z,,wti-week-july-13,will-wti-hit-week-of-july-13-2026,wti-week-july-13::down-50,wti-week-july-13::threshold-50,↓ $50,0xd1975acc7229be1640951cc7fb8b06437de90b3df7f765bb8f117e4ff60d4ec7,8133284914015010708764165404438288534449839864675009061102001036223157024772,Yes,closed,,,,,,,,,,,,,,,,,,,,,,,,733.457695,733.457695,0,
2026-07-22T14:54:32Z,,wti-week-july-13,will-wti-hit-week-of-july-13-2026,wti-week-july-13::down-55,wti-week-july-13::threshold-55,↓ $55,0x59eaaa26785d1c151916eacb21332375c3a042d4fb6f6a22471bbebaac0aaccc,104067292113263831098293174482847723725751921323599866679923602995159096781456,Yes,closed,,,,,,,,,,,,,,,,,,,,,,,,676.344,676.344,,
2026-07-22T14:54:32Z,,wti-week-july-13,will-wti-hit-week-of-july-13-2026,wti-week-july-13::down-60,wti-week-july-13::threshold-60,↓ $60,0x4b18f92b35bfa6baeecfdcaa11710d7d8931f75d41ccd71d99964468ebc7b178,23413206886179006887430705437217446060641608229873785236447626690225241000319,Yes,closed,,,,,,,,,,,,,,,,,,,,,,,,821.76,821.76,,0.001
2026-07-22T14:54:32Z,,wti-week-july-13,will-wti-hit-week-of-july-13-2026,wti-week-july-13::down-65,wti-week-july-13::threshold-65,↓ $65,0x7cf55658edc4dacdc45fc9517b45d42a3586ec34be1788e67b19f14545d6fe0d,86517234292648816275493152497925381268804849394496725077713734001446405258395,Yes,closed,,,,,,,,,,,,,,,,,,,,,,,,7577.83,7577.83,,0.01
2026-07-22T14:54:32Z,,wti-week-july-13,will-wti-hit-week-of-july-13-2026,wti-week-july-13::down-70,wti-week-july-13::threshold-70,↓ $70,0x2e8266572f2a8d3e740c2b43ba2079379640f887ca4c132e1c29bce3ddda816d,20725933388403246348839886067967876658550391149058614267180243133274708551694,Yes,closed,,,,,,,,,,,,,,,,,,,,,,,,16314.448574,16314.448574,,0.001
2026-07-22T14:54:32Z,,wti-week-july-13,will-wti-hit-week-of-july-13-2026,wti-week-july-13::up-100,wti-week-july-13::threshold-100,↑ $100,0xbf5268afc974ebbd3ca32028c13b9a06ded62b41b478ef2dfe15883fb502c89b,8269966036588316341339245665323976084512986227561212519876040250675478383710,Yes,closed,,,,,,,,,,,,,,,,,,,,,,,,9389.302156,9389.302156,,0.001
2026-07-22T14:54:32Z,,wti-week-july-13,will-wti-hit-week-of-july-13-2026,wti-week-july-13::up-105,wti-week-july-13::threshold-105,↑ $105,0x0179ac705fe516006c97940ccbafc200a632f1f9908fac1aa3266e004a7e4f29,96889463468950592249975680575622149441332207064003104270175602230232955724153,Yes,closed,,,,,,,,,,,,,,,,,,,,,,,,8605.307631,8605.307631,,0.014
2026-07-22T14:54:32Z,,wti-week-july-13,will-wti-hit-week-of-july-13-2026,wti-week-july-13::up-75,wti-week-july-13::threshold-75,↑ $75,0x64f31f9096c36ae6f3f7e486fb3a9a38605486e92962c168d3265ba3d4eb0199,108499025884105459732024757161631362312201960387581794752772216770715785029873,Yes,closed,,,,,,,,,,,,,,,,,,,,,,,,2440.51709,2440.51709,,0.999
2026-07-22T14:54:32Z,,wti-week-july-13,will-wti-hit-week-of-july-13-2026,wti-week-july-13::up-80,wti-week-july-13::threshold-80,↑ $80,0x9643a5378361e54185db6f1c755c56a26ba65b4725bfe64c39cc9c255a151205,66979422455262370990272617388861834978125817998165543267004179274666331134012,Yes,closed,,,,,,,,,,,,,,,,,,,,,,,,4431.117644,4431.117644,,0.999
2026-07-22T14:54:32Z,,wti-week-july-13,will-wti-hit-week-of-july-13-2026,wti-week-july-13::up-85,wti-week-july-13::threshold-85,↑ $85,0x5238b3c201c2e84a20b6ba3e76f37963a44055fe367fd0a892fc6c844be8afd6,71822399723663746148750649291870665410687801514441263762205549127981818455963,Yes,closed,,,,,,,,,,,,,,,,,,,,,,,,16727.386209,16727.386209,,0.001
2026-07-22T14:54:32Z,,wti-week-july-13,will-wti-hit-week-of-july-13-2026,wti-week-july-13::up-90,wti-week-july-13::threshold-90,↑ $90,0x65e0604bae3b5849a8f369dc8f67fa476711beaa6d7d16981701e5758773ebfe,107359830755616235454766600386787790384138345153512161567930921304795863630395,Yes,closed,,,,,,,,,,,,,,,,,,,,,,,,16128.02573,16128.02573,,0.001
2026-07-22T14:54:32Z,,wti-week-july-13,will-wti-hit-week-of-july-13-2026,wti-week-july-13::up-95,wti-week-july-13::threshold-95,↑ $95,0xb0db8776a052c72ac882bbd6c0f58483889033a02d8e72d724d8d5a99b22c076,9367328384862970495340842063396396049688737204051708485910321338703741938257,Yes,closed,,,,,,,,,,,,,,,,,,,,,,,,16520.643927,16520.643927,,0.006
